"hitid"	"hittypeid"	"title"	"description"	"keywords"	"reward"	"creationtime"	"assignments"	"numavailable"	"numpending"	"numcomplete"	"hitstatus"	"reviewstatus"	"annotation"	"assignmentduration"	"autoapprovaldelay"	"hitlifetime"	"viewhit"	"assignmentid"	"workerid"	"assignmentstatus"	"autoapprovaltime"	"assignmentaccepttime"	"assignmentsubmittime"	"assignmentapprovaltime"	"assignmentrejecttime"	"deadline"	"feedback"	"reject"	"Answer.responses"	"Answer.total_left"	"Answer.total_top"	"Answer.total_right"	"Answer.total_correct"	"Answer.correct_ordered_trials"	"Answer.position_chosen_trial"	"Answer.odd_one_pos"	"Answer.example_chosen_positions"	"Answer.time_shown"	"Answer.showing_buttons"	"Answer.showing_trial_counter"	"Answer.about"	"Answer.comment"	"Answer.age"	"Answer.gender"
"3XUY87HIVPE7PSQ7H9C671RSLMWMMR"	"3KOA8FMB2M8OIHHIFV44M5TN2C7NQQ"	"Identify the odd one out"	"Fun! A 5-10 minute game about differences in pictures."	"experiment, psychology, game, vision, textures"	"$0.70"	"Tue Mar 10 14:10:40 PDT 2015"	"60"	"0"	"0"	"60"	"Reviewable"	"NotReviewed"	"1 pilot"	"1200"	"60000"	"Tue Mar 17 14:10:40 PDT 2015"	"https://requester.mturk.com/mturk/manageHIT?HITId=3XUY87HIVPE7PSQ7H9C671RSLMWMMR"	"3FTF2T8WLRIRA4ZLM4JQ0XILDCVW93"	"A249TNDSY03Z7Y"	"Approved"	"Wed Mar 11 07:00:50 PDT 2015"	"Tue Mar 10 14:17:54 PDT 2015"	"Tue Mar 10 14:20:50 PDT 2015"	"Tue Mar 10 15:39:01 PDT 2015"	""	""	""	""	"[1,1,0,0,1,0,0,0,0,0,0,0,1,0,1,0,0,0,0,0,0,1,0,1,0,0,0,1,1,0,1,0,0,0,0,0,0,0,1,0,0,0,0,0,0,1,0,0,1,0,0,0,0,1,0,0,0,0,1,1,0,0,0,0,0,1]"	"25"	"23"	"18"	"17"	"[1,0,0,0,1,0,0,0,1,0,0,0,1,0,0,0,0,0,1,0,0,0,0,0,0,0,1,0,1,1,0,0,0,0,1,1,1,0,1,0,0,1,0,1,0,0,0,0,0,1,0,0,0,1,0,1,0,0,0,0,0,0,0,0,0,0]"	"[1,2,2,2,1,0,2,0,1,0,1,0,1,0,2,1,1,0,1,2,0,2,1,0,1,0,2,0,1,0,2,1,0,0,1,0,1,2,1,0,1,2,1,0,2,1,2,1,0,2,1,0,1,0,2,0,2,1,0,2,1,0,2,1,0,1]"	"[1,0,1,1,1,2,0,2,1,2,0,2,1,1,0,0,0,2,1,0,1,0,0,1,0,1,2,2,1,0,0,0,1,1,1,0,1,1,1,1,0,2,2,0,1,2,1,0,2,2,0,2,0,0,1,0,0,0,2,1,0,1,0,2,1,2]"	"[0,0,2,2]"	"250"	"0"	"0"	"""to see how fast our eyes are"""	"""that was hard!"""	"""22"""	"""m"""
"3XUY87HIVPE7PSQ7H9C671RSLMWMMR"	"3KOA8FMB2M8OIHHIFV44M5TN2C7NQQ"	"Identify the odd one out"	"Fun! A 5-10 minute game about differences in pictures."	"experiment, psychology, game, vision, textures"	"$0.70"	"Tue Mar 10 14:10:40 PDT 2015"	"60"	"0"	"0"	"60"	"Reviewable"	"NotReviewed"	"1 pilot"	"1200"	"60000"	"Tue Mar 17 14:10:40 PDT 2015"	"https://requester.mturk.com/mturk/manageHIT?HITId=3XUY87HIVPE7PSQ7H9C671RSLMWMMR"	"3S96KQ6I9M4BLD883FJHZ9UC03SDTB"	"A3F23C3ABMM0W0"	"Approved"	"Wed Mar 11 07:01:56 PDT 2015"	"Tue Mar 10 14:18:20 PDT 2015"	"Tue Mar 10 14:21:56 PDT 2015"	"Tue Mar 10 15:39:01 PDT 2015"	""	""	""	""	"[1,0,0,0,1,0,0,1,0,1,1,0,1,0,0,1,0,1,1,0,0,0,0,0,0,1,0,0,1,0,0,0,0,1,1,0,1,0,1,1,1,1,0,1,1,0,1,0,0,1,0,1,0,0,1,0,1,0,1,0,1,1,1,1,1,0]"	"25"	"29"	"12"	"31"	"[0,0,0,1,0,0,1,0,0,0,0,0,0,1,1,1,0,1,1,0,1,0,1,0,0,0,1,1,1,0,1,1,0,1,1,1,1,1,0,0,1,1,1,0,0,1,1,1,0,1,0,1,0,1,0,0,1,0,1,0,0,0,0,0,0,1]"	"[1,0,0,2,1,1,2,0,1,2,0,0,1,2,1,1,0,0,1,0,1,0,1,1,0,1,0,2,0,0,1,1,0,0,1,2,0,0,1,1,1,0,1,0,1,0,1,1,0,1,0,2,2,0,0,2,0,0,2,2,0,1,1,0,2,0]"	"[2,2,2,2,0,0,2,2,0,0,2,1,0,2,1,1,1,0,1,2,1,2,1,2,2,0,0,2,0,1,1,1,2,0,1,2,0,0,0,0,1,0,1,2,0,0,1,1,1,1,2,2,1,0,2,1,0,1,2,1,2,0,0,2,1,0]"	"[0,2,1,1]"	"250"	"0"	"0"	"""Finding the odd picture out of three"""	""""""	"""29"""	"""m"""
"3XUY87HIVPE7PSQ7H9C671RSLMWMMR"	"3KOA8FMB2M8OIHHIFV44M5TN2C7NQQ"	"Identify the odd one out"	"Fun! A 5-10 minute game about differences in pictures."	"experiment, psychology, game, vision, textures"	"$0.70"	"Tue Mar 10 14:10:40 PDT 2015"	"60"	"0"	"0"	"60"	"Reviewable"	"NotReviewed"	"1 pilot"	"1200"	"60000"	"Tue Mar 17 14:10:40 PDT 2015"	"https://requester.mturk.com/mturk/manageHIT?HITId=3XUY87HIVPE7PSQ7H9C671RSLMWMMR"	"320DUZ38G7MKJUMUTB6L3OA0FTHGJJ"	"A2Y5DDEPG81LLJ"	"Approved"	"Wed Mar 11 07:02:05 PDT 2015"	"Tue Mar 10 14:17:52 PDT 2015"	"Tue Mar 10 14:22:05 PDT 2015"	"Tue Mar 10 15:39:01 PDT 2015"	""	""	""	""	"[0,0,0,0,0,1,1,1,1,0,0,1,1,0,0,1,0,0,1,0,0,1,0,0,0,1,0,1,0,0,0,0,1,1,0,1,0,0,1,1,0,1,1,1,1,1,0,1,1,0,0,1,0,1,0,0,0,0,0,1,1,1,1,1,1,0]"	"17"	"24"	"25"	"31"	"[0,1,1,1,0,0,0,1,1,1,0,0,0,0,1,0,0,0,0,0,1,1,0,1,0,1,1,0,1,0,1,1,1,1,0,0,1,0,1,1,0,0,1,0,1,0,1,0,0,1,1,0,0,0,1,1,0,1,0,0,1,0,0,0,1,1]"	"[2,2,0,0,2,1,0,2,2,2,1,0,0,0,1,2,2,1,2,1,0,2,1,2,0,0,0,2,1,2,0,1,2,2,1,0,0,1,0,1,2,0,0,0,0,1,0,2,2,1,2,2,1,2,2,1,2,1,0,0,0,1,2,2,0,0]"	"[1,2,0,0,0,2,1,2,2,2,0,1,1,2,1,1,1,2,1,2,0,2,2,2,1,0,0,0,1,0,0,1,2,2,0,2,0,0,0,1,0,2,0,2,0,0,0,1,0,1,2,1,0,0,2,1,1,1,1,1,0,0,0,0,0,0]"	"[0,2,2,1]"	"250"	"0"	"0"	"""judging people peripheral vision?"""	"""Thanks"""	"""33"""	"""f"""
"3XUY87HIVPE7PSQ7H9C671RSLMWMMR"	"3KOA8FMB2M8OIHHIFV44M5TN2C7NQQ"	"Identify the odd one out"	"Fun! A 5-10 minute game about differences in pictures."	"experiment, psychology, game, vision, textures"	"$0.70"	"Tue Mar 10 14:10:40 PDT 2015"	"60"	"0"	"0"	"60"	"Reviewable"	"NotReviewed"	"1 pilot"	"1200"	"60000"	"Tue Mar 17 14:10:40 PDT 2015"	"https://requester.mturk.com/mturk/manageHIT?HITId=3XUY87HIVPE7PSQ7H9C671RSLMWMMR"	"3Y4W8Q93LZKQY5CX8AJW0RIXXO8DVR"	"A3UNS38BYD3OQR"	"Approved"	"Wed Mar 11 07:03:17 PDT 2015"	"Tue Mar 10 14:18:36 PDT 2015"	"Tue Mar 10 14:23:17 PDT 2015"	"Tue Mar 10 15:39:01 PDT 2015"	""	""	""	""	"[1,1,0,0,0,0,0,0,1,0,0,0,0,0,0,0,1,0,0,1,0,1,1,0,0,1,0,0,0,0,0,1,1,0,0,1,0,0,1,0,1,0,0,1,0,0,1,1,1,1,0,0,1,1,0,0,1,0,0,0,0,1,1,0,0,0]"	"17"	"21"	"28"	"23"	"[0,0,0,1,0,0,0,0,0,0,0,0,1,0,0,1,0,0,0,0,1,0,1,0,0,1,0,0,1,0,1,0,1,0,0,1,1,1,0,0,0,0,1,0,0,1,0,1,0,0,0,1,0,0,0,1,1,1,1,1,0,1,0,1,0,0]"	"[2,0,1,2,0,2,1,0,2,2,1,0,2,0,2,2,0,1,0,2,0,0,2,0,1,2,0,2,0,2,0,1,0,2,0,1,1,2,1,0,2,2,0,2,2,0,1,0,1,2,2,2,1,0,2,1,2,2,0,2,1,2,1,1,2,1]"	"[0,1,2,2,2,1,0,1,1,1,0,1,2,2,0,2,1,0,1,0,0,2,2,1,2,2,2,0,0,1,0,0,0,0,2,1,1,2,0,2,0,0,0,1,0,0,0,0,2,0,0,2,2,1,1,1,2,2,0,2,0,2,2,1,1,2]"	"[1,1,0,0]"	"250"	"0"	"0"	"""I have absolutely no idea."""	""""""	"""36"""	"""m"""
"3XUY87HIVPE7PSQ7H9C671RSLMWMMR"	"3KOA8FMB2M8OIHHIFV44M5TN2C7NQQ"	"Identify the odd one out"	"Fun! A 5-10 minute game about differences in pictures."	"experiment, psychology, game, vision, textures"	"$0.70"	"Tue Mar 10 14:10:40 PDT 2015"	"60"	"0"	"0"	"60"	"Reviewable"	"NotReviewed"	"1 pilot"	"1200"	"60000"	"Tue Mar 17 14:10:40 PDT 2015"	"https://requester.mturk.com/mturk/manageHIT?HITId=3XUY87HIVPE7PSQ7H9C671RSLMWMMR"	"3F1567XTNW5MQ73ZAVKK880ZPBF9QD"	"A38Z10YT1VO5T6"	"Approved"	"Wed Mar 11 07:03:30 PDT 2015"	"Tue Mar 10 14:18:23 PDT 2015"	"Tue Mar 10 14:23:30 PDT 2015"	"Tue Mar 10 15:39:02 PDT 2015"	""	""	""	""	"[0,0,1,0,1,0,1,1,1,1,0,0,0,0,0,0,0,0,1,1,0,0,1,1,0,1,0,0,0,1,0,0,1,0,0,1,0,0,0,0,1,0,0,1,0,0,0,0,0,0,0,0,0,0,0,0,1,0,1,0,1,1,1,1,1,1]"	"22"	"18"	"26"	"24"	"[0,1,0,0,1,0,0,1,0,0,0,0,1,1,1,0,0,0,1,0,1,1,0,0,1,1,1,1,0,1,0,0,0,1,1,0,0,0,0,0,0,0,0,1,0,0,0,0,0,1,0,1,0,0,1,1,0,1,0,0,0,0,0,1,1,0]"	"[2,2,0,2,0,1,0,2,2,0,1,1,2,2,2,1,0,1,1,1,1,2,2,2,0,2,1,0,1,0,1,1,2,2,1,2,2,1,0,1,2,1,2,1,0,1,1,0,2,0,2,0,0,2,1,2,0,2,2,0,1,0,2,0,2,1]"	"[1,2,2,0,0,0,1,2,0,2,2,2,2,2,2,2,1,0,1,2,1,2,0,1,0,2,1,0,0,0,2,0,1,2,1,0,1,0,2,0,1,0,0,1,2,0,0,2,1,0,1,0,1,0,1,2,2,2,1,1,2,2,0,0,2,0]"	"[0,2,2,1]"	"250"	"0"	"0"	"""The survey was about making snap decision and quickness or reflexes."""	"""This... this was a hard survey."""	"""21"""	"""m"""
"3XUY87HIVPE7PSQ7H9C671RSLMWMMR"	"3KOA8FMB2M8OIHHIFV44M5TN2C7NQQ"	"Identify the odd one out"	"Fun! A 5-10 minute game about differences in pictures."	"experiment, psychology, game, vision, textures"	"$0.70"	"Tue Mar 10 14:10:40 PDT 2015"	"60"	"0"	"0"	"60"	"Reviewable"	"NotReviewed"	"1 pilot"	"1200"	"60000"	"Tue Mar 17 14:10:40 PDT 2015"	"https://requester.mturk.com/mturk/manageHIT?HITId=3XUY87HIVPE7PSQ7H9C671RSLMWMMR"	"3II4UPYCOJ7YTXGGMBPMU4JPGWTDQX"	"A28ULQUEIUK7JU"	"Approved"	"Wed Mar 11 07:06:14 PDT 2015"	"Tue Mar 10 14:18:15 PDT 2015"	"Tue Mar 10 14:26:14 PDT 2015"	"Tue Mar 10 15:39:02 PDT 2015"	""	""	""	""	"[1,0,0,1,1,1,1,1,1,0,0,1,1,0,1,1,0,0,0,1,0,0,1,0,0,1,1,0,0,0,0,0,1,1,0,1,0,0,1,0,0,0,1,1,0,1,1,0,0,0,0,0,0,0,0,0,1,1,0,0,1,1,1,1,1,0]"	"14"	"18"	"34"	"30"	"[1,1,1,0,1,0,0,1,1,1,1,0,0,0,1,0,0,0,0,0,0,1,0,0,0,1,0,0,1,0,0,1,1,0,1,1,1,0,1,1,1,0,1,1,0,0,1,0,0,0,1,1,0,0,0,0,1,0,1,0,1,0,1,0,1,0]"	"[1,0,1,2,0,1,2,2,1,2,2,2,2,0,1,1,2,1,2,2,2,2,1,0,2,0,2,2,2,1,2,0,1,0,2,2,2,0,1,2,2,0,2,2,0,0,2,0,0,1,1,0,2,0,2,2,2,0,2,2,2,0,1,2,0,2]"	"[1,0,1,0,0,0,0,2,1,2,2,1,0,1,1,2,0,2,0,0,0,2,0,1,0,0,1,0,2,2,0,0,1,2,2,2,2,2,1,2,2,1,2,2,1,1,2,1,2,0,1,0,1,2,1,0,2,2,2,1,2,2,1,1,0,1]"	"[2,0,1,1]"	"250"	"0"	"0"	"""Determining if the position of an object in relation to others affected its perception."""	""""""	"""48"""	"""Female"""
"3XUY87HIVPE7PSQ7H9C671RSLMWMMR"	"3KOA8FMB2M8OIHHIFV44M5TN2C7NQQ"	"Identify the odd one out"	"Fun! A 5-10 minute game about differences in pictures."	"experiment, psychology, game, vision, textures"	"$0.70"	"Tue Mar 10 14:10:40 PDT 2015"	"60"	"0"	"0"	"60"	"Reviewable"	"NotReviewed"	"1 pilot"	"1200"	"60000"	"Tue Mar 17 14:10:40 PDT 2015"	"https://requester.mturk.com/mturk/manageHIT?HITId=3XUY87HIVPE7PSQ7H9C671RSLMWMMR"	"3IAS3U3I0FGOMHGB648F3WXMX53B2A"	"A1ZLBRAHMT7TN7"	"Approved"	"Wed Mar 11 07:06:16 PDT 2015"	"Tue Mar 10 14:18:17 PDT 2015"	"Tue Mar 10 14:26:16 PDT 2015"	"Tue Mar 10 15:39:02 PDT 2015"	""	""	""	""	"[1,1,0,1,1,0,1,1,0,0,0,0,0,0,0,1,0,0,0,0,0,0,0,0,0,0,1,1,1,0,0,0,0,1,1,0,1,1,1,0,1,0,1,0,0,0,1,0,1,0,0,1,0,0,0,0,1,0,0,0,1,0,1,1,0,1]"	"18"	"18"	"30"	"25"	"[0,0,0,1,0,1,0,0,0,0,1,0,1,1,0,0,0,1,1,1,0,1,0,1,0,1,1,0,0,0,0,0,0,0,1,0,1,0,0,0,0,0,0,1,1,1,0,1,0,1,0,1,1,0,0,0,0,0,1,0,1,0,1,0,1,0]"	"[0,2,1,1,0,2,2,2,2,2,2,1,0,2,2,2,1,0,2,2,1,2,2,2,2,2,0,1,0,1,1,2,1,2,1,1,2,0,1,0,2,1,0,1,0,2,1,2,0,2,1,0,0,0,0,0,2,2,2,2,1,0,2,0,1,2]"	"[1,1,0,1,1,2,1,0,1,0,2,2,0,2,0,1,2,0,2,2,0,2,0,2,1,2,0,0,2,0,0,1,0,0,1,0,2,2,2,1,0,2,2,1,0,2,2,2,1,2,2,0,0,1,1,1,0,0,2,0,1,1,2,1,1,0]"	"[0,2,2,0]"	"250"	"0"	"0"	"""ODD ONE OUT"""	"""NO"""	"""31"""	"""F"""
"3XUY87HIVPE7PSQ7H9C671RSLMWMMR"	"3KOA8FMB2M8OIHHIFV44M5TN2C7NQQ"	"Identify the odd one out"	"Fun! A 5-10 minute game about differences in pictures."	"experiment, psychology, game, vision, textures"	"$0.70"	"Tue Mar 10 14:10:40 PDT 2015"	"60"	"0"	"0"	"60"	"Reviewable"	"NotReviewed"	"1 pilot"	"1200"	"60000"	"Tue Mar 17 14:10:40 PDT 2015"	"https://requester.mturk.com/mturk/manageHIT?HITId=3XUY87HIVPE7PSQ7H9C671RSLMWMMR"	"3S96KQ6I9M4BLD883FJHZ9UC03STDR"	"A2VX8B1CJXRN2"	"Approved"	"Wed Mar 11 07:06:41 PDT 2015"	"Tue Mar 10 14:18:01 PDT 2015"	"Tue Mar 10 14:26:41 PDT 2015"	"Tue Mar 10 15:39:02 PDT 2015"	""	""	""	""	"[1,1,1,0,1,0,0,0,1,0,0,0,0,1,0,1,0,0,0,1,1,1,0,1,0,0,1,1,1,1,0,0,0,1,0,0,0,0,1,1,0,0,0,1,0,1,1,0,0,1,0,0,1,0,1,1,0,1,0,1,1,1,1,1,1,1]"	"26"	"17"	"23"	"33"	"[0,0,1,0,1,1,1,0,0,1,0,0,1,0,0,0,1,0,0,0,0,1,1,1,1,0,0,1,0,1,0,0,1,0,0,0,1,0,1,1,0,1,1,0,1,0,0,0,1,1,0,0,1,1,1,1,0,1,1,1,1,1,0,0,1,1]"	"[1,2,0,2,2,0,1,2,2,2,2,0,1,2,0,1,1,1,1,1,0,1,0,2,0,1,0,2,1,1,0,2,2,1,2,1,2,1,1,1,1,0,1,1,2,0,0,0,2,1,0,0,2,0,2,1,2,1,2,2,2,2,1,1,0,1]"	"[0,0,0,1,2,0,1,1,0,2,1,2,1,1,1,0,1,2,0,0,2,1,0,2,0,2,2,2,2,1,2,1,2,0,1,0,2,2,1,1,0,0,1,2,2,2,2,2,2,1,2,1,2,0,2,1,0,1,2,2,2,2,2,0,0,1]"	"[1,1,2,1]"	"250"	"0"	"0"	"""It was choosing the one that was a different texture."""	"""This was difficult."""	"""50"""	"""f"""
"3XUY87HIVPE7PSQ7H9C671RSLMWMMR"	"3KOA8FMB2M8OIHHIFV44M5TN2C7NQQ"	"Identify the odd one out"	"Fun! A 5-10 minute game about differences in pictures."	"experiment, psychology, game, vision, textures"	"$0.70"	"Tue Mar 10 14:10:40 PDT 2015"	"60"	"0"	"0"	"60"	"Reviewable"	"NotReviewed"	"1 pilot"	"1200"	"60000"	"Tue Mar 17 14:10:40 PDT 2015"	"https://requester.mturk.com/mturk/manageHIT?HITId=3XUY87HIVPE7PSQ7H9C671RSLMWMMR"	"3MTMREQS4VI5FN9QEAXQWST5JUDWAI"	"A2W3QPD493MHEI"	"Approved"	"Wed Mar 11 07:07:39 PDT 2015"	"Tue Mar 10 14:18:09 PDT 2015"	"Tue Mar 10 14:27:39 PDT 2015"	"Tue Mar 10 15:39:02 PDT 2015"	""	""	""	""	"[1,0,0,0,0,1,0,0,1,0,1,0,1,0,0,0,1,0,0,0,1,1,0,1,1,0,1,1,1,1,0,0,1,0,0,1,1,1,1,0,1,0,0,1,0,0,1,0,0,1,0,0,1,1,0,0,1,0,1,1,0,1,0,0,1,0]"	"21"	"23"	"22"	"30"	"[1,0,0,1,0,0,1,1,0,0,0,1,0,1,1,0,1,0,1,1,0,1,1,1,0,0,0,1,0,1,0,1,0,0,0,0,1,0,0,0,1,0,1,0,0,1,1,1,0,1,1,0,1,1,0,1,0,1,0,0,1,1,0,0,0,0]"	"[0,2,1,0,0,1,0,2,1,0,1,0,2,1,1,2,1,2,2,2,0,1,2,0,0,2,1,0,2,2,2,0,1,0,1,0,2,0,2,1,1,0,1,2,2,0,1,2,2,0,0,1,2,1,1,2,0,0,1,0,1,2,1,0,2,0]"	"[0,1,2,0,1,0,0,2,0,1,0,0,0,1,1,0,1,1,2,2,1,1,2,0,1,0,0,0,1,2,0,0,2,1,0,1,2,2,1,0,1,1,1,1,0,0,1,2,1,0,0,0,2,1,0,2,2,0,0,2,1,2,0,2,0,2]"	"[0,0,0,1]"	"250"	"0"	"0"	"""Vision"""	""""""	"""28"""	"""M"""
"3XUY87HIVPE7PSQ7H9C671RSLMWMMR"	"3KOA8FMB2M8OIHHIFV44M5TN2C7NQQ"	"Identify the odd one out"	"Fun! A 5-10 minute game about differences in pictures."	"experiment, psychology, game, vision, textures"	"$0.70"	"Tue Mar 10 14:10:40 PDT 2015"	"60"	"0"	"0"	"60"	"Reviewable"	"NotReviewed"	"1 pilot"	"1200"	"60000"	"Tue Mar 17 14:10:40 PDT 2015"	"https://requester.mturk.com/mturk/manageHIT?HITId=3XUY87HIVPE7PSQ7H9C671RSLMWMMR"	"3PDJHANYK5GMVV2YTYUEFKHW8NA6H2"	"A1A7U8TF7JAMGN"	"Approved"	"Wed Mar 11 07:09:34 PDT 2015"	"Tue Mar 10 14:24:54 PDT 2015"	"Tue Mar 10 14:29:34 PDT 2015"	"Tue Mar 10 15:39:02 PDT 2015"	""	""	""	""	"[1,0,0,0,1,1,1,0,0,0,0,0,1,0,0,1,0,0,0,0,0,0,1,0,0,1,0,0,1,0,1,0,1,1,1,1,1,1,1,0,1,0,1,1,1,1,0,0,0,1,0,0,1,0,0,0,1,0,1,0,1,1,1,1,1,0]"	"31"	"15"	"20"	"31"	"[0,0,1,0,1,0,0,0,1,1,1,0,1,0,1,0,0,0,0,0,0,1,1,1,1,1,1,0,1,1,0,1,0,0,1,0,0,0,0,0,0,1,0,0,0,0,0,1,0,1,1,1,1,0,1,1,0,1,1,1,1,0,0,1,1,0]"	"[1,0,2,1,0,1,1,2,0,1,1,2,1,0,1,1,0,0,0,0,1,1,0,2,0,1,1,1,0,1,1,0,1,1,2,1,2,2,2,2,1,1,0,2,2,0,2,2,1,1,2,2,1,2,2,0,1,1,1,1,2,1,2,1,2,1]"	"[0,2,2,2,0,2,2,0,0,1,1,0,1,2,1,0,2,1,1,1,0,1,0,2,0,1,1,0,0,1,2,0,2,2,2,0,1,0,0,1,0,1,2,0,0,1,1,2,2,1,2,2,1,0,2,0,0,1,1,1,2,2,1,1,2,0]"	"[0,2,2,1]"	"250"	"0"	"0"	"""not sure"""	"""it was interesting, thank you"""	"""39"""	"""m"""
"3XUY87HIVPE7PSQ7H9C671RSLMWMMR"	"3KOA8FMB2M8OIHHIFV44M5TN2C7NQQ"	"Identify the odd one out"	"Fun! A 5-10 minute game about differences in pictures."	"experiment, psychology, game, vision, textures"	"$0.70"	"Tue Mar 10 14:10:40 PDT 2015"	"60"	"0"	"0"	"60"	"Reviewable"	"NotReviewed"	"1 pilot"	"1200"	"60000"	"Tue Mar 17 14:10:40 PDT 2015"	"https://requester.mturk.com/mturk/manageHIT?HITId=3XUY87HIVPE7PSQ7H9C671RSLMWMMR"	"32ZKVD547FND7ZCUA4MKM62E3J3B3L"	"AIBS0NYQBFGWF"	"Approved"	"Wed Mar 11 07:09:46 PDT 2015"	"Tue Mar 10 14:25:48 PDT 2015"	"Tue Mar 10 14:29:46 PDT 2015"	"Tue Mar 10 15:39:03 PDT 2015"	""	""	""	""	"[1,0,1,0,1,0,1,0,1,0,1,0,1,0,0,0,0,0,0,0,0,1,0,0,0,0,1,0,1,1,1,0,1,1,0,0,0,0,1,1,1,0,0,0,1,1,0,1,0,0,0,1,0,1,0,1,1,1,1,0,1,1,1,1,0,1]"	"23"	"33"	"10"	"31"	"[0,1,1,1,1,0,1,0,0,0,1,0,1,1,0,1,0,0,1,0,0,0,1,0,1,1,0,0,1,1,0,0,0,1,1,0,1,1,0,1,0,0,1,0,1,1,1,1,0,0,1,0,1,0,0,0,1,0,0,1,1,0,1,0,0,0]"	"[1,2,0,1,1,2,0,2,1,0,0,0,1,0,2,1,1,0,2,2,0,0,0,0,1,0,1,0,0,2,1,1,1,0,1,0,1,0,2,0,1,0,1,0,0,0,0,0,0,1,0,1,1,0,0,0,1,1,0,1,2,2,0,1,0,0]"	"[2,2,0,1,1,0,0,1,0,2,0,2,1,0,0,1,2,1,2,0,1,1,0,1,1,0,2,1,0,2,0,0,2,0,1,1,1,0,1,0,2,1,1,1,0,0,0,0,2,0,0,2,1,2,1,1,1,2,1,1,2,1,0,2,2,1]"	"[0,0,2,1]"	"250"	"0"	"0"	"""peripheral vision"""	""""""	"""27"""	"""m"""
"3XUY87HIVPE7PSQ7H9C671RSLMWMMR"	"3KOA8FMB2M8OIHHIFV44M5TN2C7NQQ"	"Identify the odd one out"	"Fun! A 5-10 minute game about differences in pictures."	"experiment, psychology, game, vision, textures"	"$0.70"	"Tue Mar 10 14:10:40 PDT 2015"	"60"	"0"	"0"	"60"	"Reviewable"	"NotReviewed"	"1 pilot"	"1200"	"60000"	"Tue Mar 17 14:10:40 PDT 2015"	"https://requester.mturk.com/mturk/manageHIT?HITId=3XUY87HIVPE7PSQ7H9C671RSLMWMMR"	"3IAEQB9FMEK3DUC2YKOSMT1B4XADW1"	"ACIHCWKHNFC7U"	"Approved"	"Wed Mar 11 07:10:02 PDT 2015"	"Tue Mar 10 14:18:44 PDT 2015"	"Tue Mar 10 14:30:02 PDT 2015"	"Tue Mar 10 15:39:03 PDT 2015"	""	""	""	""	"[0,0,0,1,1,0,0,0,0,0,1,0,0,0,1,1,1,0,1,1,0,0,0,0,1,1,0,1,0,0,0,1,0,1,1,1,1,0,1,0,0,0,1,1,1,1,0,0,0,0,0,1,0,1,0,0,0,1,0,0,0,1,0,0,0,1]"	"32"	"23"	"11"	"26"	"[0,0,1,0,1,1,1,0,0,0,0,1,0,1,0,0,0,1,1,1,1,1,1,0,0,0,0,0,0,1,0,0,1,0,1,0,0,1,0,0,1,1,0,0,0,0,0,1,0,1,0,1,0,1,1,0,1,0,0,0,0,0,0,0,1,1]"	"[1,1,1,1,1,0,0,0,0,1,1,0,2,2,2,1,0,2,0,1,1,0,1,1,1,0,0,2,2,2,1,0,2,1,0,2,2,2,0,1,1,1,1,1,1,1,1,1,0,0,0,1,0,1,1,0,1,0,1,0,0,0,1,1,0,1]"	"[2,0,1,0,1,0,0,1,2,2,2,0,1,2,1,0,2,2,0,1,1,0,1,0,2,2,2,1,1,2,0,1,2,2,0,1,0,2,1,0,1,1,2,0,0,2,2,1,1,0,2,1,2,1,1,1,1,1,2,2,1,1,2,2,0,1]"	"[1,1,1,1]"	"250"	"0"	"0"	"""Memory"""	""""""	"""29"""	"""m"""
"3XUY87HIVPE7PSQ7H9C671RSLMWMMR"	"3KOA8FMB2M8OIHHIFV44M5TN2C7NQQ"	"Identify the odd one out"	"Fun! A 5-10 minute game about differences in pictures."	"experiment, psychology, game, vision, textures"	"$0.70"	"Tue Mar 10 14:10:40 PDT 2015"	"60"	"0"	"0"	"60"	"Reviewable"	"NotReviewed"	"1 pilot"	"1200"	"60000"	"Tue Mar 17 14:10:40 PDT 2015"	"https://requester.mturk.com/mturk/manageHIT?HITId=3XUY87HIVPE7PSQ7H9C671RSLMWMMR"	"3SB4CE2TJVVK4NEGOFTCYB7CSWJAXP"	"A39F4C1JL69VL5"	"Approved"	"Wed Mar 11 07:10:10 PDT 2015"	"Tue Mar 10 14:17:36 PDT 2015"	"Tue Mar 10 14:30:10 PDT 2015"	"Tue Mar 10 15:39:03 PDT 2015"	""	""	""	""	"[0,0,0,0,1,0,1,0,1,1,0,1,1,0,0,0,0,1,1,1,0,1,1,0,1,0,0,0,0,0,1,0,0,0,0,1,1,1,0,0,0,0,0,1,0,1,1,0,0,0,0,0,0,0,1,1,0,0,0,0,1,1,1,1,0,0]"	"16"	"17"	"33"	"25"	"[0,1,1,0,0,1,0,1,1,1,0,0,0,0,1,0,0,0,0,1,1,0,1,1,0,0,0,0,1,1,0,0,0,0,0,0,0,0,0,1,0,0,1,0,0,0,1,0,0,0,1,1,1,1,0,1,1,0,0,0,1,0,1,1,0,0]"	"[1,0,2,2,2,1,2,2,1,2,0,2,1,2,1,1,2,2,0,2,0,2,2,1,1,2,0,2,2,0,2,1,0,0,0,2,0,0,2,2,2,1,1,1,0,2,2,2,0,2,2,1,2,2,2,1,0,0,2,1,2,2,1,0,2,0]"	"[2,0,2,0,0,1,1,2,1,2,1,0,0,0,1,0,1,1,1,2,0,1,2,1,2,1,1,1,2,0,1,0,2,2,1,0,2,1,1,2,1,2,1,2,1,0,2,1,2,0,2,1,2,2,1,1,0,1,0,2,2,0,1,0,0,1]"	"[0,1,2,1]"	"250"	"0"	"0"	"""Difference identification."""	""""""	"""19"""	"""m"""
"3XUY87HIVPE7PSQ7H9C671RSLMWMMR"	"3KOA8FMB2M8OIHHIFV44M5TN2C7NQQ"	"Identify the odd one out"	"Fun! A 5-10 minute game about differences in pictures."	"experiment, psychology, game, vision, textures"	"$0.70"	"Tue Mar 10 14:10:40 PDT 2015"	"60"	"0"	"0"	"60"	"Reviewable"	"NotReviewed"	"1 pilot"	"1200"	"60000"	"Tue Mar 17 14:10:40 PDT 2015"	"https://requester.mturk.com/mturk/manageHIT?HITId=3XUY87HIVPE7PSQ7H9C671RSLMWMMR"	"3CFVK00FWLLOHRLOKJ9C7CA3P4JL6O"	"A36SM7QM8OK3H6"	"Approved"	"Wed Mar 11 07:10:27 PDT 2015"	"Tue Mar 10 14:17:00 PDT 2015"	"Tue Mar 10 14:30:27 PDT 2015"	"Tue Mar 10 15:39:03 PDT 2015"	""	""	""	""	"[0,0,0,0,1,0,1,0,0,0,0,0,1,1,0,0,0,0,1,0,1,0,0,0,1,0,1,1,1,0,1,0,1,1,1,1,0,0,1,0,1,1,1,1,0,1,0,0,0,0,0,0,1,1,0,0,0,0,1,1,1,1,1,1,0,1]"	"15"	"20"	"31"	"30"	"[1,0,0,1,0,1,1,0,0,1,0,1,0,1,0,1,0,1,1,0,1,0,1,1,0,0,0,0,1,1,1,0,1,0,0,0,1,0,0,0,0,0,1,1,1,0,0,0,0,1,1,0,0,0,0,1,0,1,1,1,0,1,0,0,1,1]"	"[1,2,2,0,2,2,2,0,0,1,2,2,1,2,2,2,1,2,2,0,1,2,0,0,2,2,1,0,1,0,2,2,0,2,2,2,0,0,1,0,2,0,2,0,2,0,2,0,1,2,2,2,2,1,1,0,1,2,1,0,2,2,0,1,1,0]"	"[1,0,0,0,0,2,2,1,2,1,1,2,0,2,1,2,0,2,2,2,1,0,0,0,1,1,0,1,1,0,2,0,0,0,1,0,0,2,0,1,1,1,2,0,2,2,1,1,2,2,2,1,1,2,0,0,2,2,1,0,1,2,2,2,1,0]"	"[0,2,2,1]"	"250"	"0"	"0"	"""picking a different shape"""	"""I'm not sure I was any good at this, but I did try"""	"""27"""	"""f"""
"3XUY87HIVPE7PSQ7H9C671RSLMWMMR"	"3KOA8FMB2M8OIHHIFV44M5TN2C7NQQ"	"Identify the odd one out"	"Fun! A 5-10 minute game about differences in pictures."	"experiment, psychology, game, vision, textures"	"$0.70"	"Tue Mar 10 14:10:40 PDT 2015"	"60"	"0"	"0"	"60"	"Reviewable"	"NotReviewed"	"1 pilot"	"1200"	"60000"	"Tue Mar 17 14:10:40 PDT 2015"	"https://requester.mturk.com/mturk/manageHIT?HITId=3XUY87HIVPE7PSQ7H9C671RSLMWMMR"	"3Q5C1WP23M1F8GH6MQHOVRNPV3451N"	"A3B4CNX1GH6O54"	"Approved"	"Wed Mar 11 07:10:55 PDT 2015"	"Tue Mar 10 14:23:50 PDT 2015"	"Tue Mar 10 14:30:55 PDT 2015"	"Tue Mar 10 15:39:03 PDT 2015"	""	""	""	""	"[1,1,1,0,0,1,1,0,0,1,1,1,1,0,0,0,1,0,0,0,0,0,0,0,0,1,1,0,0,0,0,1,0,1,1,0,1,0,1,0,0,1,1,0,1,1,0,0,0,1,0,0,0,0,1,0,0,0,0,0,1,1,1,1,1,0]"	"16"	"41"	"9"	"28"	"[0,0,1,0,0,1,0,0,0,0,0,0,1,0,1,1,1,1,1,1,1,0,1,0,0,1,0,0,1,0,0,1,0,0,0,0,0,0,1,0,0,0,1,1,0,1,1,0,1,1,0,0,0,1,0,1,0,1,1,1,1,0,0,0,0,1]"	"[0,1,0,0,2,2,2,0,0,2,1,0,1,1,1,1,0,1,0,1,1,0,0,1,0,0,2,2,1,0,0,2,1,1,0,0,1,0,0,0,0,0,0,1,0,0,2,0,0,0,0,1,0,0,0,0,0,0,2,0,0,0,0,0,0,0]"	"[2,2,0,2,0,2,0,1,2,1,2,1,1,0,1,1,0,1,0,1,1,2,0,2,1,0,1,1,1,2,2,2,2,0,1,2,2,2,0,1,1,2,0,1,1,0,2,2,0,0,2,0,2,0,2,0,1,0,2,0,0,1,1,2,1,0]"	"[1,1,2,1]"	"250"	"0"	"0"	"""Pick the one of three that was different from the other two"""	"""VERY challenging!!!"""	"""53"""	"""f"""
"3XUY87HIVPE7PSQ7H9C671RSLMWMMR"	"3KOA8FMB2M8OIHHIFV44M5TN2C7NQQ"	"Identify the odd one out"	"Fun! A 5-10 minute game about differences in pictures."	"experiment, psychology, game, vision, textures"	"$0.70"	"Tue Mar 10 14:10:40 PDT 2015"	"60"	"0"	"0"	"60"	"Reviewable"	"NotReviewed"	"1 pilot"	"1200"	"60000"	"Tue Mar 17 14:10:40 PDT 2015"	"https://requester.mturk.com/mturk/manageHIT?HITId=3XUY87HIVPE7PSQ7H9C671RSLMWMMR"	"3U5JL4WY5K952YYZFEJLL8LC0MNX41"	"A1ZQUQ98LMO53P"	"Approved"	"Wed Mar 11 07:12:09 PDT 2015"	"Tue Mar 10 14:24:31 PDT 2015"	"Tue Mar 10 14:32:09 PDT 2015"	"Tue Mar 10 15:39:03 PDT 2015"	""	""	""	""	"[0,1,0,0,0,0,1,1,0,0,0,1,1,0,0,1,1,0,1,0,0,0,0,0,0,0,0,0,0,0,0,0,1,0,0,0,0,1,0,1,0,0,0,0,0,0,1,1,0,0,0,0,0,1,1,0,1,1,0,0,1,1,0,0,0,0]"	"22"	"21"	"23"	"19"	"[1,0,0,0,1,1,0,0,0,1,0,1,0,1,0,0,0,0,0,0,0,0,0,0,0,0,0,1,1,1,1,0,1,0,0,0,0,0,1,0,0,1,0,0,0,1,0,0,1,0,1,1,0,0,0,0,1,0,0,1,0,0,0,0,0,0]"	"[0,1,0,1,0,0,1,0,1,1,0,2,2,0,2,2,0,1,0,0,1,0,2,1,2,0,1,2,0,0,2,1,2,2,2,2,1,1,2,0,2,2,0,2,1,2,2,1,2,1,2,2,1,0,0,2,0,1,1,0,1,2,1,1,0,1]"	"[0,0,1,0,0,0,0,2,2,1,2,2,1,0,1,1,1,2,1,2,0,2,1,2,1,1,2,2,0,0,2,0,2,0,1,1,2,0,2,2,0,2,1,0,2,2,0,0,2,2,2,2,0,1,1,0,0,0,0,0,2,0,2,2,1,0]"	"[1,0,1,0]"	"250"	"0"	"0"	"""figuring out issuess"""	""""""	"""27"""	"""male"""
"3XUY87HIVPE7PSQ7H9C671RSLMWMMR"	"3KOA8FMB2M8OIHHIFV44M5TN2C7NQQ"	"Identify the odd one out"	"Fun! A 5-10 minute game about differences in pictures."	"experiment, psychology, game, vision, textures"	"$0.70"	"Tue Mar 10 14:10:40 PDT 2015"	"60"	"0"	"0"	"60"	"Reviewable"	"NotReviewed"	"1 pilot"	"1200"	"60000"	"Tue Mar 17 14:10:40 PDT 2015"	"https://requester.mturk.com/mturk/manageHIT?HITId=3XUY87HIVPE7PSQ7H9C671RSLMWMMR"	"34YB12FSQYOAK2SFW8JDJG2HJNCGMN"	"A21XD6CWE1JNMQ"	"Approved"	"Wed Mar 11 07:12:40 PDT 2015"	"Tue Mar 10 14:18:20 PDT 2015"	"Tue Mar 10 14:32:40 PDT 2015"	"Tue Mar 10 15:39:03 PDT 2015"	""	""	""	""	"[1,1,1,0,0,0,1,1,1,1,1,0,1,0,0,0,0,0,0,0,0,0,0,0,0,1,1,0,0,1,0,1,0,1,1,0,0,1,0,0,1,1,0,0,0,1,0,0,1,1,0,0,1,0,0,1,0,0,0,0,1,1,1,1,1,0]"	"11"	"40"	"15"	"28"	"[0,0,0,0,0,1,0,1,0,0,1,0,0,1,1,0,1,1,0,0,1,1,1,0,0,0,1,0,0,0,1,0,0,0,1,0,1,1,1,0,1,1,1,0,1,0,1,1,0,1,0,0,0,0,1,1,0,1,1,0,0,0,1,0,0,0]"	"[0,0,0,0,2,0,2,1,0,2,2,2,1,2,1,0,0,1,0,2,0,1,1,0,0,0,1,0,0,0,0,2,0,0,0,1,0,0,2,0,0,2,0,0,1,0,2,0,0,0,2,2,0,0,0,0,1,0,0,0,0,2,1,2,0,0]"	"[2,1,2,1,0,0,0,1,1,1,2,0,0,2,1,1,0,1,1,1,0,1,1,1,1,2,1,1,2,1,0,1,1,1,0,2,0,0,2,2,0,2,0,1,1,2,2,0,2,0,1,0,1,2,0,0,0,0,0,2,2,1,1,1,1,2]"	"[0,0,2,1]"	"250"	"0"	"0"	"""research"""	"""NO"""	"""25"""	"""Male"""
"3XUY87HIVPE7PSQ7H9C671RSLMWMMR"	"3KOA8FMB2M8OIHHIFV44M5TN2C7NQQ"	"Identify the odd one out"	"Fun! A 5-10 minute game about differences in pictures."	"experiment, psychology, game, vision, textures"	"$0.70"	"Tue Mar 10 14:10:40 PDT 2015"	"60"	"0"	"0"	"60"	"Reviewable"	"NotReviewed"	"1 pilot"	"1200"	"60000"	"Tue Mar 17 14:10:40 PDT 2015"	"https://requester.mturk.com/mturk/manageHIT?HITId=3XUY87HIVPE7PSQ7H9C671RSLMWMMR"	"3A4TN5196KIBBCBZ3P7H1K9649LHC5"	"A27LGC4MU1R7PQ"	"Approved"	"Wed Mar 11 07:12:46 PDT 2015"	"Tue Mar 10 14:24:55 PDT 2015"	"Tue Mar 10 14:32:46 PDT 2015"	"Tue Mar 10 15:39:04 PDT 2015"	""	""	""	""	"[1,1,1,0,1,0,0,1,1,0,0,0,0,0,0,0,0,0,0,0,0,1,0,0,1,0,1,0,1,1,1,1,1,1,0,0,0,0,0,0,1,1,0,0,1,0,0,1,0,1,1,0,0,1,0,0,0,1,0,1,1,1,1,1,0,0]"	"20"	"33"	"13"	"28"	"[1,0,0,1,0,1,1,0,1,1,0,0,1,1,0,0,0,0,1,0,1,0,1,0,0,0,0,0,0,1,1,1,1,0,1,0,0,0,0,0,0,0,0,1,1,1,1,0,0,1,0,0,1,0,0,0,1,0,1,1,1,0,1,0,1,0]"	"[2,2,2,1,1,0,1,1,0,1,0,1,0,0,0,0,0,1,1,2,0,1,0,1,1,0,0,0,0,2,1,1,2,0,1,0,1,2,0,0,0,0,1,0,2,0,2,0,1,0,0,0,0,1,0,0,2,0,1,0,0,1,2,2,0,2]"	"[2,0,1,1,2,0,1,2,0,1,1,0,0,0,1,1,2,0,1,1,0,0,0,0,2,1,2,2,2,2,1,1,2,2,1,2,0,0,1,1,1,2,0,0,2,0,2,2,2,0,2,1,0,0,1,1,2,1,1,0,0,0,2,0,0,0]"	"[0,0,2,1]"	"250"	"0"	"0"	"""noticing differences"""	"""no"""	""""""	""""""
"3XUY87HIVPE7PSQ7H9C671RSLMWMMR"	"3KOA8FMB2M8OIHHIFV44M5TN2C7NQQ"	"Identify the odd one out"	"Fun! A 5-10 minute game about differences in pictures."	"experiment, psychology, game, vision, textures"	"$0.70"	"Tue Mar 10 14:10:40 PDT 2015"	"60"	"0"	"0"	"60"	"Reviewable"	"NotReviewed"	"1 pilot"	"1200"	"60000"	"Tue Mar 17 14:10:40 PDT 2015"	"https://requester.mturk.com/mturk/manageHIT?HITId=3XUY87HIVPE7PSQ7H9C671RSLMWMMR"	"3E13VNJ1NNVRK4CLTA0IK0RU0PA1IT"	"A3CQDCNYJAX2X3"	"Approved"	"Wed Mar 11 07:13:24 PDT 2015"	"Tue Mar 10 14:18:37 PDT 2015"	"Tue Mar 10 14:33:24 PDT 2015"	"Tue Mar 10 15:39:04 PDT 2015"	""	""	""	""	"[0,0,1,0,1,0,0,1,0,0,0,0,0,1,0,1,0,1,1,0,0,1,0,1,0,1,0,1,1,1,0,1,1,1,0,1,0,1,1,1,0,0,0,1,1,0,1,0,0,1,0,1,0,0,0,1,0,1,0,0,1,1,0,1,0,1]"	"31"	"17"	"18"	"31"	"[1,1,0,0,0,1,1,0,0,0,1,0,0,1,0,1,0,1,0,0,1,1,1,0,1,0,0,1,0,1,0,0,0,0,0,1,1,1,1,1,1,0,1,0,1,0,1,1,0,0,0,1,1,0,1,0,0,0,1,1,0,0,1,0,0,1]"	"[0,1,0,1,2,0,1,1,0,2,1,2,1,1,0,1,2,1,1,0,1,2,1,2,2,1,2,0,1,2,1,2,1,1,2,1,0,1,1,0,2,1,0,1,0,1,0,1,0,1,1,2,2,2,2,2,1,1,1,0,1,0,0,1,0,2]"	"[0,1,2,2,1,0,1,2,2,1,1,0,0,1,2,1,1,1,2,1,1,2,1,0,2,0,0,0,2,2,0,1,2,0,0,1,0,1,1,0,2,0,0,2,0,2,0,1,2,0,0,2,2,0,2,0,0,0,1,0,2,2,0,2,2,2]"	"[0,2,2,1]"	"250"	"0"	"0"	"""Which picture was different"""	"""None"""	"""27"""	"""F"""
"3XUY87HIVPE7PSQ7H9C671RSLMWMMR"	"3KOA8FMB2M8OIHHIFV44M5TN2C7NQQ"	"Identify the odd one out"	"Fun! A 5-10 minute game about differences in pictures."	"experiment, psychology, game, vision, textures"	"$0.70"	"Tue Mar 10 14:10:40 PDT 2015"	"60"	"0"	"0"	"60"	"Reviewable"	"NotReviewed"	"1 pilot"	"1200"	"60000"	"Tue Mar 17 14:10:40 PDT 2015"	"https://requester.mturk.com/mturk/manageHIT?HITId=3XUY87HIVPE7PSQ7H9C671RSLMWMMR"	"36W0OB37HWEOJ5M9V3RPCIARDR7ZHM"	"A2OG7XGWOX5ZEF"	"Approved"	"Wed Mar 11 07:13:25 PDT 2015"	"Tue Mar 10 14:23:47 PDT 2015"	"Tue Mar 10 14:33:25 PDT 2015"	"Tue Mar 10 15:39:04 PDT 2015"	""	""	""	""	"[0,0,0,0,0,0,0,0,1,1,1,1,0,0,0,1,0,0,0,0,0,1,1,0,0,0,0,0,1,0,0,0,1,1,0,0,0,1,0,0,0,1,1,0,0,1,1,1,0,0,0,0,0,1,0,1,1,1,0,1,1,1,1,1,1,1]"	"25"	"15"	"26"	"27"	"[1,1,0,0,1,0,0,0,1,0,1,0,1,0,1,0,1,0,1,1,0,1,0,1,1,0,1,0,0,0,0,1,0,0,0,0,0,0,1,0,1,0,0,0,1,0,1,0,0,0,0,0,0,1,1,1,1,0,0,0,1,1,1,1,0,0]"	"[0,1,1,0,1,1,1,1,2,2,0,0,2,1,2,1,2,1,1,2,0,2,1,2,2,0,2,0,1,0,2,2,2,2,2,1,0,0,2,2,2,2,1,0,1,2,0,1,2,1,2,1,1,1,1,1,1,2,0,2,1,2,0,0,2,1]"	"[0,1,0,2,1,2,0,2,2,0,0,1,2,0,2,0,2,0,1,2,2,2,2,2,2,2,2,1,0,2,0,2,1,1,1,2,1,1,2,0,2,0,0,2,1,0,0,0,1,0,1,0,0,1,1,1,1,0,2,1,1,2,0,0,1,0]"	"[0,0,2,1]"	"250"	"0"	"0"	"""identifying the image that was different from the other two"""	"""no"""	"""27"""	"""m"""
"3XUY87HIVPE7PSQ7H9C671RSLMWMMR"	"3KOA8FMB2M8OIHHIFV44M5TN2C7NQQ"	"Identify the odd one out"	"Fun! A 5-10 minute game about differences in pictures."	"experiment, psychology, game, vision, textures"	"$0.70"	"Tue Mar 10 14:10:40 PDT 2015"	"60"	"0"	"0"	"60"	"Reviewable"	"NotReviewed"	"1 pilot"	"1200"	"60000"	"Tue Mar 17 14:10:40 PDT 2015"	"https://requester.mturk.com/mturk/manageHIT?HITId=3XUY87HIVPE7PSQ7H9C671RSLMWMMR"	"39N5ACM9HEN1QV2KAI5V83APKFT9PM"	"A2SYRFPPV9WDEG"	"Approved"	"Wed Mar 11 07:15:15 PDT 2015"	"Tue Mar 10 14:18:13 PDT 2015"	"Tue Mar 10 14:35:15 PDT 2015"	"Tue Mar 10 15:40:05 PDT 2015"	""	""	""	""	"[0,0,1,0,1,0,0,0,0,1,0,0,0,0,1,0,1,0,0,0,0,0,0,1,1,1,0,1,0,0,0,0,0,0,1,1,1,0,1,0,0,0,1,0,1,0,1,0,1,0,1,0,1,0,1,0,0,0,1,0,1,1,1,1,1,1]"	"34"	"18"	"14"	"27"	"[1,0,1,1,1,0,0,0,0,1,0,1,1,0,0,0,1,0,1,0,0,1,1,1,0,1,0,1,0,1,1,0,0,0,0,0,1,0,1,1,0,0,0,1,0,0,0,0,1,0,0,0,0,0,1,1,1,0,0,0,0,1,1,0,0,1]"	"[2,1,2,0,1,2,1,0,1,0,1,0,1,1,1,1,1,1,1,1,1,1,0,0,1,1,0,1,1,2,0,1,0,2,2,1,0,2,1,0,2,1,1,2,1,0,2,1,0,1,0,0,1,0,1,2,1,2,1,1,0,1,2,0,2,1]"	"[2,0,2,0,1,1,2,2,0,0,2,0,1,2,0,0,1,2,1,2,0,1,0,0,0,1,2,1,0,2,0,2,2,1,1,0,0,0,1,0,0,0,2,2,2,1,0,0,0,2,2,1,0,1,1,2,1,1,0,0,1,1,2,2,1,1]"	"[1,2,1,1]"	"250"	"0"	"0"	"""difference"""	"""no"""	"""33"""	"""m"""
"3XUY87HIVPE7PSQ7H9C671RSLMWMMR"	"3KOA8FMB2M8OIHHIFV44M5TN2C7NQQ"	"Identify the odd one out"	"Fun! A 5-10 minute game about differences in pictures."	"experiment, psychology, game, vision, textures"	"$0.70"	"Tue Mar 10 14:10:40 PDT 2015"	"60"	"0"	"0"	"60"	"Reviewable"	"NotReviewed"	"1 pilot"	"1200"	"60000"	"Tue Mar 17 14:10:40 PDT 2015"	"https://requester.mturk.com/mturk/manageHIT?HITId=3XUY87HIVPE7PSQ7H9C671RSLMWMMR"	"33PPO7FECVFLCZSX93KDL2S3PMDDIV"	"A4N6HMS8AW9ZB"	"Approved"	"Wed Mar 11 07:16:37 PDT 2015"	"Tue Mar 10 14:30:05 PDT 2015"	"Tue Mar 10 14:36:37 PDT 2015"	"Tue Mar 10 15:40:05 PDT 2015"	""	""	""	""	"[1,0,1,0,0,0,0,0,0,1,0,0,0,1,0,0,0,1,0,0,1,0,0,0,0,1,0,1,0,1,0,0,1,0,0,1,1,0,0,1,0,0,0,0,0,0,1,1,0,0,0,0,0,1,0,0,0,1,0,0,1,1,1,1,0,0]"	"24"	"17"	"25"	"21"	"[0,0,0,0,1,0,0,0,1,1,0,1,0,0,1,0,0,0,0,0,0,0,0,0,1,1,1,1,1,0,0,0,1,0,0,1,0,0,0,0,0,0,0,0,0,1,0,0,0,0,1,1,1,0,0,0,1,0,1,0,1,0,1,1,0,0]"	"[0,2,0,2,1,1,1,0,1,2,1,1,0,1,2,0,2,0,1,0,2,0,2,1,1,0,2,0,1,0,0,1,1,2,1,1,0,1,1,2,2,2,1,1,1,2,1,2,0,2,2,2,2,2,2,1,2,0,1,2,2,0,2,0,1,2]"	"[1,0,1,1,1,2,0,2,1,2,0,1,2,2,2,2,0,2,2,2,1,1,0,2,1,0,2,0,1,1,2,2,1,0,0,1,1,2,2,0,0,0,0,0,0,2,0,1,2,1,2,2,2,0,0,0,2,2,1,0,2,2,2,0,0,0]"	"[2,0,2,2]"	"250"	"0"	"0"	"""Peripheral Vision"""	""""""	"""25"""	"""m"""
"3XUY87HIVPE7PSQ7H9C671RSLMWMMR"	"3KOA8FMB2M8OIHHIFV44M5TN2C7NQQ"	"Identify the odd one out"	"Fun! A 5-10 minute game about differences in pictures."	"experiment, psychology, game, vision, textures"	"$0.70"	"Tue Mar 10 14:10:40 PDT 2015"	"60"	"0"	"0"	"60"	"Reviewable"	"NotReviewed"	"1 pilot"	"1200"	"60000"	"Tue Mar 17 14:10:40 PDT 2015"	"https://requester.mturk.com/mturk/manageHIT?HITId=3XUY87HIVPE7PSQ7H9C671RSLMWMMR"	"358010RM5ET4WBHEZAK8UYLPD6KXVD"	"A1HDS5UR6TTFW6"	"Approved"	"Wed Mar 11 07:16:39 PDT 2015"	"Tue Mar 10 14:30:37 PDT 2015"	"Tue Mar 10 14:36:39 PDT 2015"	"Tue Mar 10 15:40:05 PDT 2015"	""	""	""	""	"[1,0,0,0,1,0,0,0,1,0,1,0,0,1,0,0,0,0,1,0,0,0,0,0,1,0,0,0,1,0,0,1,1,0,0,0,0,1,1,0,1,0,0,0,1,1,0,0,0,0,0,0,1,1,0,0,0,1,0,0,1,1,1,1,0,0]"	"15"	"37"	"14"	"22"	"[0,0,0,1,1,0,0,0,0,0,1,0,0,1,1,0,1,0,1,0,1,0,0,0,1,1,0,1,0,0,0,0,0,1,0,0,0,1,0,0,0,1,0,0,0,1,1,0,1,1,0,1,1,0,0,0,0,0,0,0,0,1,1,0,0,0]"	"[0,2,2,0,1,1,0,2,0,2,2,0,0,0,1,0,2,0,1,2,0,2,0,0,1,0,0,2,0,0,1,0,1,0,0,1,0,0,1,0,0,0,0,0,0,2,0,0,2,1,0,0,0,1,0,1,0,2,1,1,0,2,1,2,0,0]"	"[2,1,0,0,1,0,2,1,2,1,2,1,1,0,1,2,2,2,1,0,0,1,1,1,1,0,2,2,2,1,0,2,2,0,2,0,2,0,2,1,1,0,1,1,1,2,0,2,2,1,2,0,0,0,2,2,1,1,2,0,1,2,1,0,2,1]"	"[0,2,0,1]"	"250"	"0"	"0"	"""If you could see differences at a glance."""	"""No """	"""49"""	"""f"""
"3XUY87HIVPE7PSQ7H9C671RSLMWMMR"	"3KOA8FMB2M8OIHHIFV44M5TN2C7NQQ"	"Identify the odd one out"	"Fun! A 5-10 minute game about differences in pictures."	"experiment, psychology, game, vision, textures"	"$0.70"	"Tue Mar 10 14:10:40 PDT 2015"	"60"	"0"	"0"	"60"	"Reviewable"	"NotReviewed"	"1 pilot"	"1200"	"60000"	"Tue Mar 17 14:10:40 PDT 2015"	"https://requester.mturk.com/mturk/manageHIT?HITId=3XUY87HIVPE7PSQ7H9C671RSLMWMMR"	"3ATPCQ38J8A94S4QTBFEHPELU2EAYW"	"A2SNMMSKX224GR"	"Approved"	"Wed Mar 11 07:19:52 PDT 2015"	"Tue Mar 10 14:30:57 PDT 2015"	"Tue Mar 10 14:39:52 PDT 2015"	"Tue Mar 10 15:40:05 PDT 2015"	""	""	""	""	"[0,1,0,0,1,0,0,0,1,1,0,1,1,0,0,0,0,0,0,0,0,1,0,1,0,0,0,1,0,0,0,1,1,1,0,0,1,1,0,0,0,1,0,0,0,1,0,1,0,0,1,0,0,1,0,0,0,1,0,1,1,1,1,1,0,1]"	"28"	"23"	"15"	"26"	"[0,1,0,1,0,1,0,1,0,0,1,0,0,1,1,0,0,0,1,0,1,1,1,1,1,1,0,1,0,1,0,1,1,0,1,0,1,0,0,0,0,1,0,0,1,0,0,1,1,0,0,0,0,0,0,0,0,0,0,0,1,0,0,0,1,0]"	"[0,0,1,1,1,1,2,0,0,0,2,0,2,1,1,0,0,1,0,2,1,2,1,0,1,2,0,0,1,1,0,0,1,1,0,0,2,1,0,0,0,1,2,0,2,2,2,1,1,1,0,2,1,2,1,1,0,0,1,1,2,1,1,2,1,1]"	"[2,0,0,1,0,1,0,0,2,2,2,1,1,1,1,1,2,0,0,0,1,2,1,0,1,2,1,0,0,1,2,0,1,2,0,1,2,0,1,1,2,1,0,2,2,0,1,1,1,0,2,1,2,1,2,0,1,1,2,0,2,0,0,0,1,2]"	"[0,0,2,1]"	"250"	"0"	"0"	"""peripheral vision"""	"""thanks !!"""	"""39"""	"""m"""
"3XUY87HIVPE7PSQ7H9C671RSLMWMMR"	"3KOA8FMB2M8OIHHIFV44M5TN2C7NQQ"	"Identify the odd one out"	"Fun! A 5-10 minute game about differences in pictures."	"experiment, psychology, game, vision, textures"	"$0.70"	"Tue Mar 10 14:10:40 PDT 2015"	"60"	"0"	"0"	"60"	"Reviewable"	"NotReviewed"	"1 pilot"	"1200"	"60000"	"Tue Mar 17 14:10:40 PDT 2015"	"https://requester.mturk.com/mturk/manageHIT?HITId=3XUY87HIVPE7PSQ7H9C671RSLMWMMR"	"3RYC5T2D73T7UVY64Z5HZOAJQ1YRPQ"	"A2R02DYCDLY75U"	"Approved"	"Wed Mar 11 07:21:14 PDT 2015"	"Tue Mar 10 14:30:53 PDT 2015"	"Tue Mar 10 14:41:14 PDT 2015"	"Tue Mar 10 15:40:05 PDT 2015"	""	""	""	""	"[1,0,0,1,1,0,0,1,0,0,0,0,0,0,0,0,0,0,0,0,1,0,0,1,0,0,0,0,0,0,0,1,0,1,0,1,1,0,0,1,1,0,1,1,1,0,1,0,0,0,0,1,0,0,0,0,1,1,0,0,1,1,1,1,1,1]"	"21"	"27"	"18"	"25"	"[1,0,1,1,1,0,1,0,0,1,0,0,0,0,0,1,0,1,0,1,1,1,0,1,0,0,0,0,0,0,0,1,1,0,0,1,0,0,0,1,0,1,0,0,0,1,0,0,0,0,0,0,1,0,1,1,0,0,0,0,0,1,1,1,1,0]"	"[0,2,2,2,1,2,2,2,0,2,1,2,1,0,2,1,0,2,1,0,0,0,1,2,2,0,0,0,0,1,0,0,1,0,1,1,2,1,0,2,0,0,1,0,1,0,2,0,1,2,0,1,1,0,0,1,0,1,0,0,1,1,2,2,1,0]"	"[0,0,2,2,1,1,2,0,2,2,2,1,0,2,0,1,2,2,0,0,0,0,0,2,1,2,2,1,2,2,1,0,1,2,0,1,0,2,2,2,2,0,2,2,2,0,0,2,2,0,1,2,1,2,0,1,2,0,1,2,2,1,2,2,1,2]"	"[0,2,2,1]"	"250"	"0"	"0"	"""I'm really not sure. """	""""""	"""37"""	"""f"""
"3XUY87HIVPE7PSQ7H9C671RSLMWMMR"	"3KOA8FMB2M8OIHHIFV44M5TN2C7NQQ"	"Identify the odd one out"	"Fun! A 5-10 minute game about differences in pictures."	"experiment, psychology, game, vision, textures"	"$0.70"	"Tue Mar 10 14:10:40 PDT 2015"	"60"	"0"	"0"	"60"	"Reviewable"	"NotReviewed"	"1 pilot"	"1200"	"60000"	"Tue Mar 17 14:10:40 PDT 2015"	"https://requester.mturk.com/mturk/manageHIT?HITId=3XUY87HIVPE7PSQ7H9C671RSLMWMMR"	"3JV9LGBJWTEYK5DR9OYQBKRMENSOGB"	"A2R2B0S93LKUV4"	"Approved"	"Wed Mar 11 07:24:46 PDT 2015"	"Tue Mar 10 14:40:37 PDT 2015"	"Tue Mar 10 14:44:46 PDT 2015"	"Tue Mar 10 15:40:06 PDT 2015"	""	""	""	""	"[0,1,0,0,1,0,1,0,0,0,0,0,1,0,0,1,0,0,0,1,0,1,0,1,1,0,0,0,0,1,0,0,0,1,0,0,0,0,1,0,0,1,1,1,0,1,0,0,0,1,0,0,1,0,1,1,0,1,0,1,1,1,1,1,0,1]"	"19"	"18"	"29"	"27"	"[1,1,1,0,0,0,0,0,1,1,0,1,1,0,1,0,0,0,0,1,0,0,1,0,0,0,0,1,0,0,0,1,1,0,0,1,0,0,1,1,1,1,0,1,1,0,0,1,1,0,0,1,0,1,0,1,0,0,0,0,1,0,0,0,1,0]"	"[1,2,0,2,1,2,1,2,2,1,2,2,0,1,2,1,0,0,1,1,2,2,0,1,0,0,0,2,2,0,1,1,0,1,2,1,0,2,0,1,1,2,1,2,0,2,0,2,1,0,2,2,2,1,2,2,2,0,2,2,1,2,0,0,2,2]"	"[1,2,0,0,0,0,2,0,2,1,1,2,0,2,2,2,1,2,2,1,1,1,0,2,1,2,1,2,1,2,0,1,0,2,0,1,1,0,0,1,1,2,0,2,0,0,2,2,1,2,0,2,1,1,1,2,0,1,0,0,1,0,2,1,2,1]"	"[0,2,2,1]"	"250"	"0"	"0"	"""How people could distinguish between images based on small differences."""	"""The only ones I really felt confident about where the solid color ones"""	"""43"""	"""m"""
"3XUY87HIVPE7PSQ7H9C671RSLMWMMR"	"3KOA8FMB2M8OIHHIFV44M5TN2C7NQQ"	"Identify the odd one out"	"Fun! A 5-10 minute game about differences in pictures."	"experiment, psychology, game, vision, textures"	"$0.70"	"Tue Mar 10 14:10:40 PDT 2015"	"60"	"0"	"0"	"60"	"Reviewable"	"NotReviewed"	"1 pilot"	"1200"	"60000"	"Tue Mar 17 14:10:40 PDT 2015"	"https://requester.mturk.com/mturk/manageHIT?HITId=3XUY87HIVPE7PSQ7H9C671RSLMWMMR"	"3BDCF01OGXUQ0BVUQ244Q3UWOEDLYP"	"A1HUUSCZ4I5SOP"	"Approved"	"Wed Mar 11 07:26:16 PDT 2015"	"Tue Mar 10 14:40:03 PDT 2015"	"Tue Mar 10 14:46:16 PDT 2015"	"Tue Mar 10 15:40:06 PDT 2015"	""	""	""	""	"[0,0,0,0,1,0,1,0,1,0,1,0,1,0,1,0,1,0,1,1,0,1,1,1,1,0,0,0,0,0,0,0,1,0,0,0,0,0,0,0,1,0,0,0,1,1,1,0,0,1,0,0,0,1,1,1,0,1,1,1,1,1,1,1,0,0]"	"23"	"33"	"10"	"29"	"[1,0,0,1,0,0,1,0,0,0,0,0,0,1,0,0,1,1,0,1,1,0,0,1,0,0,0,0,1,0,1,1,0,1,1,1,0,0,1,0,1,1,1,1,0,0,1,1,0,1,0,0,1,1,1,0,1,0,0,0,1,0,1,0,0,0]"	"[2,0,1,1,0,0,1,1,1,2,0,0,1,1,0,1,0,2,1,0,1,0,1,0,1,0,2,0,1,0,0,1,0,1,0,0,2,2,2,1,0,0,1,0,0,2,1,0,0,0,0,1,0,0,0,2,1,0,0,1,0,0,1,2,1,0]"	"[2,2,0,1,1,2,1,2,0,0,2,2,0,1,1,0,0,2,0,0,1,1,2,0,0,2,0,2,1,1,0,1,2,1,0,0,0,0,2,2,0,0,1,0,1,1,1,0,2,0,2,0,0,0,0,1,1,2,2,2,0,1,1,1,0,2]"	"[0,2,2,1]"	"250"	"0"	"0"	"""identifying the picture that didn't belong"""	"""no"""	"""51"""	"""m"""
"3XUY87HIVPE7PSQ7H9C671RSLMWMMR"	"3KOA8FMB2M8OIHHIFV44M5TN2C7NQQ"	"Identify the odd one out"	"Fun! A 5-10 minute game about differences in pictures."	"experiment, psychology, game, vision, textures"	"$0.70"	"Tue Mar 10 14:10:40 PDT 2015"	"60"	"0"	"0"	"60"	"Reviewable"	"NotReviewed"	"1 pilot"	"1200"	"60000"	"Tue Mar 17 14:10:40 PDT 2015"	"https://requester.mturk.com/mturk/manageHIT?HITId=3XUY87HIVPE7PSQ7H9C671RSLMWMMR"	"3UWN2HHPUY5JSPM639SUL9AKCOGSNJ"	"A22R7DT2XQIKXV"	"Approved"	"Wed Mar 11 07:27:40 PDT 2015"	"Tue Mar 10 14:39:56 PDT 2015"	"Tue Mar 10 14:47:40 PDT 2015"	"Tue Mar 10 15:40:06 PDT 2015"	""	""	""	""	"[0,0,1,0,1,1,1,1,0,0,0,0,0,0,0,0,0,0,1,1,1,0,1,0,0,0,0,0,1,1,0,0,1,1,0,1,0,0,0,1,0,1,1,0,1,1,1,0,1,1,1,0,1,1,1,0,0,0,0,1,0,0,0,0,1,0]"	"36"	"20"	"10"	"28"	"[1,0,0,0,0,0,1,1,1,1,0,0,1,0,1,0,1,1,0,1,0,1,0,0,0,0,0,1,0,0,0,0,1,0,0,0,0,1,0,0,1,0,0,1,1,0,1,0,1,1,0,1,1,1,0,1,0,1,0,0,0,0,1,1,0,1]"	"[2,1,0,2,1,0,1,1,0,1,1,2,1,0,1,1,1,1,0,1,1,0,2,1,0,1,0,2,1,0,1,1,0,1,0,1,1,1,1,1,2,1,1,0,1,2,1,0,0,1,0,2,1,0,1,1,1,0,1,0,2,1,0,2,1,0]"	"[2,0,2,1,2,2,1,1,0,1,0,1,1,1,1,0,1,1,1,1,2,0,1,2,2,2,1,2,2,2,0,0,0,2,1,2,2,1,2,2,2,0,2,0,1,0,1,2,0,1,2,2,1,0,2,1,2,0,2,2,1,2,0,2,2,0]"	"[2,2,0,1]"	"250"	"0"	"0"	"""to find the odd one out"""	"""no"""	"""28"""	"""M"""
"3XUY87HIVPE7PSQ7H9C671RSLMWMMR"	"3KOA8FMB2M8OIHHIFV44M5TN2C7NQQ"	"Identify the odd one out"	"Fun! A 5-10 minute game about differences in pictures."	"experiment, psychology, game, vision, textures"	"$0.70"	"Tue Mar 10 14:10:40 PDT 2015"	"60"	"0"	"0"	"60"	"Reviewable"	"NotReviewed"	"1 pilot"	"1200"	"60000"	"Tue Mar 17 14:10:40 PDT 2015"	"https://requester.mturk.com/mturk/manageHIT?HITId=3XUY87HIVPE7PSQ7H9C671RSLMWMMR"	"3UWN2HHPUY5JSPM639SUL9AKCOHNSF"	"A2YGAEODJ5SSF6"	"Approved"	"Wed Mar 11 07:28:28 PDT 2015"	"Tue Mar 10 14:31:03 PDT 2015"	"Tue Mar 10 14:48:28 PDT 2015"	"Tue Mar 10 15:40:06 PDT 2015"	""	""	""	""	"[1,1,0,1,1,0,1,0,0,0,1,0,1,0,1,0,1,0,0,1,1,1,0,0,1,0,0,0,0,1,0,0,1,1,0,0,0,0,1,0,0,0,1,1,1,0,0,0,0,1,1,0,0,0,1,0,0,1,1,1,1,1,1,1,1,0]"	"18"	"28"	"20"	"31"	"[0,0,0,1,0,1,1,1,0,0,0,1,1,1,0,0,0,0,0,1,0,0,1,1,1,1,1,0,1,0,1,0,1,0,0,0,0,1,0,0,1,1,1,0,0,0,0,0,1,0,1,0,1,0,1,1,1,1,0,0,1,1,1,1,0,0]"	"[1,1,2,1,2,2,0,0,0,0,2,1,0,0,0,0,0,0,0,1,1,2,2,2,1,1,2,2,0,0,0,1,2,2,2,0,2,2,1,1,0,0,0,2,2,1,0,1,0,0,0,1,2,0,0,1,2,0,2,0,0,2,1,1,0,1]"	"[0,0,1,1,1,2,0,0,2,2,0,1,0,0,2,2,2,1,1,1,2,0,2,2,1,1,2,0,0,1,0,0,2,0,0,1,0,2,0,2,0,0,0,1,0,0,2,2,0,1,0,0,2,2,0,1,2,0,0,1,0,2,1,1,1,2]"	"[1,1,2,1]"	"250"	"0"	"0"	"""finding the different image"""	"""no"""	"""38"""	"""m"""
"3XUY87HIVPE7PSQ7H9C671RSLMWMMR"	"3KOA8FMB2M8OIHHIFV44M5TN2C7NQQ"	"Identify the odd one out"	"Fun! A 5-10 minute game about differences in pictures."	"experiment, psychology, game, vision, textures"	"$0.70"	"Tue Mar 10 14:10:40 PDT 2015"	"60"	"0"	"0"	"60"	"Reviewable"	"NotReviewed"	"1 pilot"	"1200"	"60000"	"Tue Mar 17 14:10:40 PDT 2015"	"https://requester.mturk.com/mturk/manageHIT?HITId=3XUY87HIVPE7PSQ7H9C671RSLMWMMR"	"37ZHEEHM6WMQ5N94XNA4H4GIKTD37S"	"A1HUM99F4LJLPS"	"Approved"	"Wed Mar 11 07:30:48 PDT 2015"	"Tue Mar 10 14:39:46 PDT 2015"	"Tue Mar 10 14:50:48 PDT 2015"	"Tue Mar 10 15:40:06 PDT 2015"	""	""	""	""	"[0,0,0,0,1,0,0,0,1,0,0,0,1,1,0,0,0,1,0,0,1,0,0,0,0,0,1,0,0,0,1,0,1,0,0,1,0,0,1,0,1,0,0,1,0,0,0,1,0,0,0,0,0,0,1,1,1,1,1,0,1,1,1,1,1,0]"	"16"	"24"	"26"	"24"	"[0,1,1,1,1,1,1,1,0,0,0,0,0,0,0,0,0,0,0,1,0,1,0,0,0,0,0,0,0,1,0,0,1,0,0,0,0,1,1,1,1,0,0,1,0,1,0,1,0,1,1,0,1,0,0,0,1,0,0,1,0,1,0,0,0,0]"	"[1,2,0,2,0,0,0,2,1,0,2,0,2,2,1,1,1,0,1,1,2,0,0,2,1,0,0,1,1,1,2,1,0,1,1,0,0,2,2,2,2,2,0,0,2,2,0,1,2,2,2,1,0,0,2,2,0,0,0,2,0,0,2,2,2,2]"	"[0,2,0,2,0,0,0,2,2,1,1,1,1,0,2,0,0,2,0,1,0,0,2,1,0,1,1,2,2,1,1,2,0,2,0,1,1,2,2,2,2,1,1,0,0,2,1,1,1,2,2,2,0,1,0,0,0,1,1,2,1,0,1,1,0,1]"	"[1,0,0,1]"	"250"	"0"	"0"	"""No idea, pattern recongnition"""	"""Not long to see the odd one out"""	"""51"""	"""m"""
"3XUY87HIVPE7PSQ7H9C671RSLMWMMR"	"3KOA8FMB2M8OIHHIFV44M5TN2C7NQQ"	"Identify the odd one out"	"Fun! A 5-10 minute game about differences in pictures."	"experiment, psychology, game, vision, textures"	"$0.70"	"Tue Mar 10 14:10:40 PDT 2015"	"60"	"0"	"0"	"60"	"Reviewable"	"NotReviewed"	"1 pilot"	"1200"	"60000"	"Tue Mar 17 14:10:40 PDT 2015"	"https://requester.mturk.com/mturk/manageHIT?HITId=3XUY87HIVPE7PSQ7H9C671RSLMWMMR"	"37UQDCYH6XVAHWBNHXGA0Z81BD8V7J"	"A2XUSD4DG9YHT9"	"Approved"	"Wed Mar 11 08:25:38 PDT 2015"	"Tue Mar 10 15:43:20 PDT 2015"	"Tue Mar 10 15:45:38 PDT 2015"	"Tue Mar 10 15:46:38 PDT 2015"	""	""	""	""	"[1,0,0,1,0,0,0,0,0,1,0,0,0,0,0,0,1,0,1,0,0,0,0,0,0,0,0,1,0,1,0,0,0,0,1,0,0,0,1,0,0,0,0,0,1,1,0,1,0,1,1,0,0,0,0,1,0,1,1,1,0,1,1,1,0,1]"	"18"	"24"	"24"	"22"	"[1,0,1,0,0,0,1,1,0,0,1,0,1,0,0,0,0,0,1,0,1,0,1,1,0,0,0,0,0,1,0,0,0,1,0,1,0,1,0,0,1,0,0,0,0,0,1,0,0,0,1,0,0,0,1,1,1,0,0,1,0,0,0,0,1,0]"	"[0,2,1,0,2,2,0,0,2,1,2,1,1,2,0,1,0,2,2,1,0,2,0,2,2,0,2,2,0,0,2,1,0,1,2,0,1,2,0,1,1,2,0,1,0,2,1,0,0,0,2,0,1,0,2,0,1,0,1,0,2,1,2,1,2,2]"	"[0,1,1,1,0,0,0,0,0,0,2,2,1,0,2,0,2,0,2,0,0,0,0,2,1,2,1,1,2,0,1,0,2,1,0,0,2,2,2,2,1,1,2,0,1,0,1,2,2,1,2,2,2,1,2,0,1,1,0,0,0,2,0,2,2,0]"	"[0,2,2,0]"	"250"	"0"	"0"	"""Identifying pictures"""	"""no"""	""""""	""""""
"3XUY87HIVPE7PSQ7H9C671RSLMWMMR"	"3KOA8FMB2M8OIHHIFV44M5TN2C7NQQ"	"Identify the odd one out"	"Fun! A 5-10 minute game about differences in pictures."	"experiment, psychology, game, vision, textures"	"$0.70"	"Tue Mar 10 14:10:40 PDT 2015"	"60"	"0"	"0"	"60"	"Reviewable"	"NotReviewed"	"1 pilot"	"1200"	"60000"	"Tue Mar 17 14:10:40 PDT 2015"	"https://requester.mturk.com/mturk/manageHIT?HITId=3XUY87HIVPE7PSQ7H9C671RSLMWMMR"	"3XCC1ODXDLBSU7ZL4CK6ZT0TVXOQRK"	"AQDOCXT1VPDVF"	"Approved"	"Wed Mar 11 08:31:22 PDT 2015"	"Tue Mar 10 15:43:08 PDT 2015"	"Tue Mar 10 15:51:22 PDT 2015"	"Tue Mar 10 15:54:11 PDT 2015"	""	""	""	""	"[0,1,1,1,0,0,0,1,0,0,0,0,1,0,1,0,0,0,0,0,0,0,0,1,0,0,1,0,1,0,0,0,0,0,0,0,0,0,1,1,0,0,0,0,1,0,1,1,0,0,1,1,0,1,0,0,1,1,0,1,1,1,1,1,0,0]"	"37"	"19"	"10"	"24"	"[0,0,0,0,0,0,0,1,0,1,1,1,1,0,0,0,0,0,0,0,1,0,1,0,0,0,0,0,0,0,0,0,1,1,0,0,1,0,1,1,1,0,0,1,0,0,0,1,0,1,0,1,1,0,1,0,1,0,0,1,1,1,0,0,0,1]"	"[1,2,0,1,1,1,1,1,0,1,0,0,1,1,1,1,1,1,1,0,1,1,0,1,2,1,1,2,1,1,0,1,0,0,2,1,0,1,1,0,1,1,2,1,1,0,1,1,1,2,0,0,1,0,0,0,2,0,2,1,2,0,2,1,1,1]"	"[0,0,2,2,2,2,2,1,1,1,0,0,1,0,2,2,2,2,0,1,1,0,0,2,0,0,2,0,0,0,1,2,0,0,0,2,0,0,1,0,1,0,1,1,0,1,2,1,2,2,2,0,1,2,0,2,2,1,1,1,2,0,1,0,0,1]"	"[0,0,2,2]"	"250"	"0"	"0"	""""""	""""""	"""49"""	"""f"""
"3XUY87HIVPE7PSQ7H9C671RSLMWMMR"	"3KOA8FMB2M8OIHHIFV44M5TN2C7NQQ"	"Identify the odd one out"	"Fun! A 5-10 minute game about differences in pictures."	"experiment, psychology, game, vision, textures"	"$0.70"	"Tue Mar 10 14:10:40 PDT 2015"	"60"	"0"	"0"	"60"	"Reviewable"	"NotReviewed"	"1 pilot"	"1200"	"60000"	"Tue Mar 17 14:10:40 PDT 2015"	"https://requester.mturk.com/mturk/manageHIT?HITId=3XUY87HIVPE7PSQ7H9C671RSLMWMMR"	"3FE7TXL1LINBQNI0PM55YLSLJ57Q24"	"A24H4D0R8B7LBM"	"Approved"	"Wed Mar 11 08:33:14 PDT 2015"	"Tue Mar 10 15:50:21 PDT 2015"	"Tue Mar 10 15:53:14 PDT 2015"	"Tue Mar 10 15:54:12 PDT 2015"	""	""	""	""	"[0,0,0,1,0,0,0,0,0,1,0,0,0,1,0,1,1,0,0,0,1,0,0,0,0,1,1,1,0,1,1,0,0,0,0,0,1,1,1,1,0,1,0,1,0,1,0,1,1,1,0,0,1,1,0,1,0,0,1,1,1,1,1,1,1,0]"	"23"	"21"	"22"	"31"	"[0,0,1,1,1,0,0,1,0,0,0,1,1,0,0,0,1,1,1,0,0,0,1,0,0,1,0,0,0,1,1,1,0,1,0,0,1,1,0,0,0,0,1,0,0,0,0,1,1,1,0,1,0,1,1,0,1,1,1,0,1,0,1,0,1,1]"	"[2,2,2,2,1,2,2,2,0,2,1,1,0,2,1,2,1,0,0,1,0,1,0,1,0,0,0,1,2,1,2,1,0,0,1,0,1,2,1,0,0,1,1,2,1,2,0,2,0,1,0,1,0,1,2,2,1,2,2,0,2,0,1,1,2,0]"	"[1,1,2,2,1,1,0,2,1,0,0,1,0,1,0,1,1,0,0,2,1,2,0,2,2,0,1,2,1,1,2,1,1,0,2,1,1,2,0,1,2,0,1,1,0,1,2,2,0,1,1,1,2,1,2,0,1,2,2,2,2,2,1,0,2,0]"	"[0,2,2,1]"	"250"	"0"	"0"	"""quick identification of which picture in a group was different"""	"""this was ... very hard"""	"""38"""	"""m"""
"3XUY87HIVPE7PSQ7H9C671RSLMWMMR"	"3KOA8FMB2M8OIHHIFV44M5TN2C7NQQ"	"Identify the odd one out"	"Fun! A 5-10 minute game about differences in pictures."	"experiment, psychology, game, vision, textures"	"$0.70"	"Tue Mar 10 14:10:40 PDT 2015"	"60"	"0"	"0"	"60"	"Reviewable"	"NotReviewed"	"1 pilot"	"1200"	"60000"	"Tue Mar 17 14:10:40 PDT 2015"	"https://requester.mturk.com/mturk/manageHIT?HITId=3XUY87HIVPE7PSQ7H9C671RSLMWMMR"	"3DIP6YHAPCSXFZUKWCJ6EVGAM2CE8K"	"ANKCM4EYXW96O"	"Approved"	"Wed Mar 11 08:33:27 PDT 2015"	"Tue Mar 10 15:47:04 PDT 2015"	"Tue Mar 10 15:53:27 PDT 2015"	"Tue Mar 10 15:54:39 PDT 2015"	""	""	""	""	"[0,0,0,0,1,0,1,0,1,0,0,1,1,0,0,1,1,0,1,0,0,0,0,1,0,0,0,0,0,0,1,0,0,1,1,1,0,1,0,0,1,0,1,0,0,1,1,1,1,1,0,1,0,1,1,0,0,1,1,1,1,1,1,1,1,0]"	"19"	"21"	"26"	"32"	"[1,0,1,1,1,1,1,0,0,0,0,1,0,1,1,1,1,0,1,1,0,1,0,1,0,0,1,1,0,0,1,0,0,1,0,0,0,0,1,0,1,0,0,1,1,1,0,0,1,1,0,0,0,1,0,1,0,0,1,0,0,1,0,1,0,1]"	"[2,1,2,1,0,0,2,0,0,0,2,2,2,1,0,0,0,1,2,1,2,0,2,1,0,2,2,2,1,2,1,1,0,0,2,1,0,2,0,1,1,2,1,2,0,2,1,0,2,0,1,1,0,2,2,0,2,1,2,1,2,2,2,0,0,1]"	"[2,0,2,1,0,0,2,1,1,1,1,2,0,1,0,0,0,0,2,1,1,0,1,1,2,0,2,2,0,1,1,0,1,0,1,0,2,1,0,2,1,0,0,2,0,2,0,1,2,0,2,0,2,2,1,0,0,0,2,0,1,2,1,0,1,1]"	"[0,0,2,1]"	"250"	"0"	"0"	"""perception"""	"""very hard"""	"""43"""	"""f"""
"3XUY87HIVPE7PSQ7H9C671RSLMWMMR"	"3KOA8FMB2M8OIHHIFV44M5TN2C7NQQ"	"Identify the odd one out"	"Fun! A 5-10 minute game about differences in pictures."	"experiment, psychology, game, vision, textures"	"$0.70"	"Tue Mar 10 14:10:40 PDT 2015"	"60"	"0"	"0"	"60"	"Reviewable"	"NotReviewed"	"1 pilot"	"1200"	"60000"	"Tue Mar 17 14:10:40 PDT 2015"	"https://requester.mturk.com/mturk/manageHIT?HITId=3XUY87HIVPE7PSQ7H9C671RSLMWMMR"	"3YJ6NA41JBGQW7FTWUW8XXOSGK8JPU"	"A3MTAJHYHCIJK4"	"Approved"	"Wed Mar 11 08:33:39 PDT 2015"	"Tue Mar 10 15:48:37 PDT 2015"	"Tue Mar 10 15:53:39 PDT 2015"	"Tue Mar 10 15:54:39 PDT 2015"	""	""	""	""	"[1,0,0,0,0,1,0,1,0,1,0,0,1,1,0,0,0,0,1,0,1,1,0,0,0,0,0,1,0,0,1,0,1,1,0,0,0,0,1,0,0,1,0,0,0,0,0,1,1,0,0,0,0,1,0,1,1,0,0,0,1,1,1,0,0,0]"	"23"	"20"	"23"	"23"	"[0,0,1,1,0,1,0,0,0,0,0,1,0,0,0,1,0,0,0,1,1,0,1,0,0,1,0,0,0,1,0,1,0,0,1,0,0,1,1,0,0,1,1,1,0,0,0,1,0,0,0,0,0,0,0,0,0,1,1,0,1,0,0,1,0,1]"	"[0,2,1,2,2,0,1,2,0,2,1,0,2,0,2,1,1,0,2,2,1,0,2,0,1,2,0,1,2,0,0,1,2,1,0,2,1,0,2,1,2,0,1,0,2,2,1,0,1,2,1,0,2,0,1,1,1,2,1,1,1,0,2,1,0,2]"	"[1,0,1,2,0,0,0,0,1,0,0,0,0,1,1,1,0,2,1,2,1,1,2,1,2,2,1,0,0,0,2,1,0,0,0,1,2,0,2,0,0,0,1,0,0,1,0,0,0,1,0,1,0,1,0,0,2,2,1,2,1,2,1,1,1,2]"	"[0,1,2,2]"	"250"	"0"	"0"	"""identifying different things """	"""I often could not tell"""	"""38"""	"""f """
"3XUY87HIVPE7PSQ7H9C671RSLMWMMR"	"3KOA8FMB2M8OIHHIFV44M5TN2C7NQQ"	"Identify the odd one out"	"Fun! A 5-10 minute game about differences in pictures."	"experiment, psychology, game, vision, textures"	"$0.70"	"Tue Mar 10 14:10:40 PDT 2015"	"60"	"0"	"0"	"60"	"Reviewable"	"NotReviewed"	"1 pilot"	"1200"	"60000"	"Tue Mar 17 14:10:40 PDT 2015"	"https://requester.mturk.com/mturk/manageHIT?HITId=3XUY87HIVPE7PSQ7H9C671RSLMWMMR"	"3GM6G9ZBKNXEP7ELG8IKIZH69HOTMD"	"A3U2WCPN59KBX5"	"Approved"	"Wed Mar 11 08:34:34 PDT 2015"	"Tue Mar 10 15:49:59 PDT 2015"	"Tue Mar 10 15:54:34 PDT 2015"	"Tue Mar 10 16:07:53 PDT 2015"	""	""	""	""	"[0,0,1,0,1,0,0,0,1,1,0,0,0,1,0,0,1,0,0,1,0,1,0,0,0,1,0,0,1,0,0,0,0,1,1,0,1,1,0,0,1,1,1,1,1,1,1,0,0,1,0,0,0,0,0,0,0,1,1,1,1,1,1,1,0,0]"	"26"	"25"	"15"	"29"	"[1,0,1,1,0,0,1,1,1,0,1,0,1,1,1,0,0,0,1,1,1,0,1,1,0,0,1,1,0,1,1,0,0,0,1,0,1,0,0,1,1,0,0,1,0,0,1,0,0,0,0,1,0,1,1,0,0,0,0,0,0,0,1,0,0,0]"	"[0,1,2,1,1,0,1,2,1,1,0,1,1,0,1,2,0,0,2,0,0,1,1,1,1,1,2,0,0,1,1,2,0,0,1,0,0,2,1,0,1,1,0,2,1,2,1,1,2,2,0,0,0,1,2,2,0,0,2,0,1,2,1,0,0,0]"	"[0,2,2,1,2,1,1,2,1,0,0,0,1,0,1,1,1,1,2,0,0,0,1,1,2,0,2,0,1,1,1,1,2,2,1,2,0,1,2,0,1,2,1,2,0,1,1,0,0,0,1,0,2,1,2,1,1,2,1,2,0,0,1,2,2,2]"	"[1,0,2,1]"	"250"	"0"	"0"	""""""	""""""	"""31"""	"""f"""
"3XUY87HIVPE7PSQ7H9C671RSLMWMMR"	"3KOA8FMB2M8OIHHIFV44M5TN2C7NQQ"	"Identify the odd one out"	"Fun! A 5-10 minute game about differences in pictures."	"experiment, psychology, game, vision, textures"	"$0.70"	"Tue Mar 10 14:10:40 PDT 2015"	"60"	"0"	"0"	"60"	"Reviewable"	"NotReviewed"	"1 pilot"	"1200"	"60000"	"Tue Mar 17 14:10:40 PDT 2015"	"https://requester.mturk.com/mturk/manageHIT?HITId=3XUY87HIVPE7PSQ7H9C671RSLMWMMR"	"3W8CV64QJ2Z9DE4WR5XQZU8YYOM9HK"	"A3HG5P476PI3GA"	"Approved"	"Wed Mar 11 08:35:13 PDT 2015"	"Tue Mar 10 15:50:50 PDT 2015"	"Tue Mar 10 15:55:13 PDT 2015"	"Tue Mar 10 16:07:54 PDT 2015"	""	""	""	""	"[1,0,0,0,1,0,1,1,0,0,0,0,0,0,0,0,0,0,1,0,0,0,0,0,1,0,0,0,0,0,1,0,0,0,0,1,0,0,0,0,0,0,1,1,1,1,1,0,0,0,0,0,0,0,1,1,0,0,0,1,1,1,1,1,1,1]"	"15"	"36"	"15"	"22"	"[0,0,0,0,1,1,1,1,0,1,0,0,0,1,0,1,0,0,0,1,0,0,0,0,0,1,0,0,1,0,0,1,1,0,0,0,1,0,0,0,1,1,0,0,0,1,0,1,0,0,0,0,0,0,0,1,0,0,0,1,0,0,1,0,1,1]"	"[0,0,1,2,0,2,1,0,0,2,0,1,2,1,0,2,0,0,1,1,2,0,1,0,0,0,2,0,2,0,2,1,0,2,0,0,1,0,0,1,2,0,0,2,0,0,0,1,2,0,1,0,0,1,0,2,0,0,0,1,0,0,2,1,0,0]"	"[2,1,0,0,0,2,1,0,2,2,2,0,0,1,1,2,1,1,2,1,1,1,2,2,2,0,0,1,2,2,1,1,0,0,1,2,1,1,1,0,2,0,2,0,2,0,2,1,0,1,0,1,1,0,1,2,1,2,1,1,1,1,2,0,0,0]"	"[0,2,2,1]"	"250"	"0"	"0"	"""Vision"""	""""""	"""23"""	"""m"""
"3XUY87HIVPE7PSQ7H9C671RSLMWMMR"	"3KOA8FMB2M8OIHHIFV44M5TN2C7NQQ"	"Identify the odd one out"	"Fun! A 5-10 minute game about differences in pictures."	"experiment, psychology, game, vision, textures"	"$0.70"	"Tue Mar 10 14:10:40 PDT 2015"	"60"	"0"	"0"	"60"	"Reviewable"	"NotReviewed"	"1 pilot"	"1200"	"60000"	"Tue Mar 17 14:10:40 PDT 2015"	"https://requester.mturk.com/mturk/manageHIT?HITId=3XUY87HIVPE7PSQ7H9C671RSLMWMMR"	"34MAJL3QP4NTM0RLVPCXESW8TRQ43C"	"A3CIPN7E1VL4G1"	"Approved"	"Wed Mar 11 08:37:14 PDT 2015"	"Tue Mar 10 15:53:19 PDT 2015"	"Tue Mar 10 15:57:14 PDT 2015"	"Tue Mar 10 16:07:54 PDT 2015"	""	""	""	""	"[0,0,1,0,0,1,1,1,1,0,0,0,0,0,0,0,1,1,1,1,0,1,0,1,1,0,1,1,1,0,1,0,1,0,0,1,1,0,1,0,1,1,1,1,0,1,1,0,0,0,0,1,0,0,0,0,0,0,1,0,1,1,1,1,1,1]"	"19"	"18"	"29"	"34"	"[1,0,1,0,1,0,0,0,1,0,1,1,0,0,0,1,0,0,1,1,0,1,0,1,0,1,0,1,1,0,1,1,1,1,0,0,1,0,0,0,1,0,1,1,0,1,0,1,1,0,0,1,1,1,1,0,1,0,1,1,0,0,0,1,0,1]"	"[2,1,2,1,2,2,0,2,1,1,1,0,0,1,2,0,1,0,2,2,2,2,1,2,0,2,2,2,0,0,1,2,2,2,2,2,1,2,2,2,1,0,1,2,0,2,0,0,1,0,2,1,0,0,0,2,1,2,2,1,0,1,1,0,1,2]"	"[2,2,2,2,2,0,2,1,1,0,1,0,1,0,0,0,0,1,2,2,1,2,0,2,2,2,0,2,0,2,1,2,2,2,1,1,1,1,1,1,1,1,1,2,1,2,1,0,1,1,1,1,0,0,0,1,1,1,2,1,2,0,0,0,0,2]"	"[0,0,0,1]"	"250"	"0"	"0"	"""choosing the odd picture"""	""""""	"""29"""	"""f"""
"3XUY87HIVPE7PSQ7H9C671RSLMWMMR"	"3KOA8FMB2M8OIHHIFV44M5TN2C7NQQ"	"Identify the odd one out"	"Fun! A 5-10 minute game about differences in pictures."	"experiment, psychology, game, vision, textures"	"$0.70"	"Tue Mar 10 14:10:40 PDT 2015"	"60"	"0"	"0"	"60"	"Reviewable"	"NotReviewed"	"1 pilot"	"1200"	"60000"	"Tue Mar 17 14:10:40 PDT 2015"	"https://requester.mturk.com/mturk/manageHIT?HITId=3XUY87HIVPE7PSQ7H9C671RSLMWMMR"	"3JV9LGBJWTEYK5DR9OYQBKRMENVOGE"	"A4PFM9Z80RXUY"	"Approved"	"Wed Mar 11 08:38:54 PDT 2015"	"Tue Mar 10 15:51:52 PDT 2015"	"Tue Mar 10 15:58:54 PDT 2015"	"Tue Mar 10 16:07:54 PDT 2015"	""	""	""	""	"[1,0,0,0,1,0,0,0,0,0,0,1,0,1,0,0,1,0,0,0,0,0,0,1,0,1,1,1,1,0,1,0,0,0,0,1,0,0,0,1,1,1,1,0,0,1,1,1,0,0,0,0,0,0,1,0,0,0,1,1,1,1,1,1,1,1]"	"14"	"8"	"44"	"28"	"[1,1,1,1,1,0,0,0,1,0,0,0,1,0,1,0,1,1,0,0,1,0,0,1,0,0,1,0,1,1,0,0,0,0,1,1,0,1,0,0,0,1,0,1,1,1,0,0,0,1,0,1,0,1,0,1,0,0,0,0,0,0,0,1,1,0]"	"[2,1,1,1,2,2,2,1,2,1,2,2,1,2,0,2,0,2,2,2,1,2,1,2,2,1,1,1,2,0,2,1,2,2,2,2,2,1,2,2,2,0,2,2,2,2,2,0,2,2,2,2,2,0,2,0,2,2,2,2,2,2,0,1,2,2]"	"[2,1,1,1,2,0,1,0,2,0,0,1,1,1,0,1,0,2,0,1,1,0,0,2,0,0,1,0,2,0,1,2,1,1,2,2,1,1,1,1,1,0,1,2,2,2,1,2,1,2,1,2,1,0,1,0,0,1,0,0,1,0,1,1,2,1]"	"[2,2,2,1]"	"250"	"0"	"0"	"""Identifying the photo that was out of place."""	"""No."""	"""23"""	"""f  """
"3XUY87HIVPE7PSQ7H9C671RSLMWMMR"	"3KOA8FMB2M8OIHHIFV44M5TN2C7NQQ"	"Identify the odd one out"	"Fun! A 5-10 minute game about differences in pictures."	"experiment, psychology, game, vision, textures"	"$0.70"	"Tue Mar 10 14:10:40 PDT 2015"	"60"	"0"	"0"	"60"	"Reviewable"	"NotReviewed"	"1 pilot"	"1200"	"60000"	"Tue Mar 17 14:10:40 PDT 2015"	"https://requester.mturk.com/mturk/manageHIT?HITId=3XUY87HIVPE7PSQ7H9C671RSLMWMMR"	"3OVHNO1VE6177PH7978ZLXVTLZIZDH"	"A3MHYBS6PHJ5QG"	"Approved"	"Wed Mar 11 08:39:28 PDT 2015"	"Tue Mar 10 15:51:45 PDT 2015"	"Tue Mar 10 15:59:28 PDT 2015"	"Tue Mar 10 16:07:54 PDT 2015"	""	""	""	""	"[0,0,0,0,1,1,1,0,1,0,1,0,0,0,0,0,1,0,0,0,1,0,0,0,0,0,0,0,1,1,1,0,1,0,0,1,0,1,0,0,1,0,0,0,0,1,1,1,0,0,0,0,1,0,0,1,1,1,0,0,1,1,1,1,1,1]"	"28"	"26"	"12"	"27"	"[0,0,0,0,0,0,1,1,0,1,0,1,1,0,1,1,0,1,1,1,0,0,0,0,0,0,0,0,1,0,1,0,1,1,1,1,0,0,1,0,1,1,0,0,0,0,0,0,1,0,0,0,0,1,0,1,0,1,1,0,0,1,1,0,0,1]"	"[1,1,1,1,1,2,1,0,2,0,1,2,0,2,0,0,1,0,0,1,1,0,1,0,0,1,0,1,1,1,1,1,1,0,1,0,0,0,0,1,1,0,2,1,0,1,1,2,2,0,1,0,0,0,0,0,1,2,2,0,1,0,2,2,2,1]"	"[0,2,0,2,2,1,1,0,1,0,2,2,0,0,0,0,0,0,0,1,0,1,0,2,1,0,1,2,1,0,1,0,1,0,1,0,2,1,0,2,1,0,1,0,2,0,2,1,2,2,0,2,2,0,1,0,2,2,2,1,0,0,2,0,0,1]"	"[0,2,2,1]"	"250"	"0"	"0"	"""Visual iquity. """	"""Thank you, really enjoyed the task."""	"""32"""	"""m"""
"3XUY87HIVPE7PSQ7H9C671RSLMWMMR"	"3KOA8FMB2M8OIHHIFV44M5TN2C7NQQ"	"Identify the odd one out"	"Fun! A 5-10 minute game about differences in pictures."	"experiment, psychology, game, vision, textures"	"$0.70"	"Tue Mar 10 14:10:40 PDT 2015"	"60"	"0"	"0"	"60"	"Reviewable"	"NotReviewed"	"1 pilot"	"1200"	"60000"	"Tue Mar 17 14:10:40 PDT 2015"	"https://requester.mturk.com/mturk/manageHIT?HITId=3XUY87HIVPE7PSQ7H9C671RSLMWMMR"	"38BQUHLA9W0YCF9DKRWLOPBJA97MOK"	"A3DBD6XA885626"	"Approved"	"Wed Mar 11 08:41:29 PDT 2015"	"Tue Mar 10 15:56:09 PDT 2015"	"Tue Mar 10 16:01:29 PDT 2015"	"Tue Mar 10 16:07:54 PDT 2015"	""	""	""	""	"[0,0,0,0,1,0,0,1,0,1,0,0,0,1,1,0,1,1,0,0,1,1,0,0,1,1,0,0,1,1,1,0,0,1,0,0,0,0,0,0,0,0,1,0,0,1,0,0,0,0,0,1,0,0,0,0,0,0,0,1,0,1,1,1,1,0]"	"15"	"25"	"26"	"23"	"[1,0,0,0,0,0,1,1,0,1,0,1,1,1,0,1,0,0,0,1,0,0,0,0,0,0,1,1,1,1,1,0,1,0,0,0,0,0,1,0,0,0,1,0,0,0,0,0,0,0,0,0,0,1,1,0,0,1,0,0,1,0,1,1,0,0]"	"[0,1,2,0,1,0,0,2,1,0,2,0,2,0,2,1,1,0,0,2,0,0,2,0,1,2,2,2,2,0,2,1,1,2,2,0,0,0,0,2,0,2,0,0,1,2,2,0,1,2,2,0,2,2,1,0,1,0,1,2,2,1,0,1,2,2]"	"[0,2,0,1,0,1,0,2,2,0,0,0,2,0,1,1,0,2,2,2,2,2,1,2,2,1,2,2,2,0,2,0,1,1,1,1,2,2,0,0,1,0,0,2,2,1,0,1,0,1,0,2,0,2,1,1,0,0,0,0,2,2,0,1,1,0]"	"[1,2,2,1]"	"250"	"0"	"0"	"""what's the odd one one"""	""""""	"""38"""	"""f"""
"3XUY87HIVPE7PSQ7H9C671RSLMWMMR"	"3KOA8FMB2M8OIHHIFV44M5TN2C7NQQ"	"Identify the odd one out"	"Fun! A 5-10 minute game about differences in pictures."	"experiment, psychology, game, vision, textures"	"$0.70"	"Tue Mar 10 14:10:40 PDT 2015"	"60"	"0"	"0"	"60"	"Reviewable"	"NotReviewed"	"1 pilot"	"1200"	"60000"	"Tue Mar 17 14:10:40 PDT 2015"	"https://requester.mturk.com/mturk/manageHIT?HITId=3XUY87HIVPE7PSQ7H9C671RSLMWMMR"	"3TESA3PJ31AACCO17BH8WLMEF9SMM5"	"A3Q9EHIPPZU26I"	"Approved"	"Wed Mar 11 08:42:20 PDT 2015"	"Tue Mar 10 15:56:01 PDT 2015"	"Tue Mar 10 16:02:20 PDT 2015"	"Tue Mar 10 16:07:55 PDT 2015"	""	""	""	""	"[1,1,0,0,1,0,0,0,1,0,0,0,0,1,1,0,0,0,1,0,0,0,0,0,0,0,1,0,0,0,0,0,0,0,1,0,0,1,1,0,1,0,1,0,1,0,1,0,1,1,1,0,0,1,0,0,0,0,0,1,1,1,1,1,0,1]"	"15"	"11"	"40"	"25"	"[0,0,0,0,1,0,0,1,1,0,1,0,0,0,0,0,0,1,1,0,1,1,0,1,0,0,1,0,0,0,0,0,0,0,1,1,1,0,1,1,1,0,0,1,1,0,1,0,0,0,0,0,1,0,0,0,0,1,1,0,1,1,0,1,0,0]"	"[1,2,1,1,2,2,2,1,2,1,2,0,2,2,1,2,1,1,2,2,2,2,1,2,2,2,2,2,1,2,2,2,2,1,2,2,2,2,1,2,2,1,1,0,2,2,0,2,2,2,0,2,0,0,2,2,0,0,0,2,2,0,2,0,1,2]"	"[0,0,0,0,2,1,0,1,2,0,2,2,0,1,2,0,0,1,2,1,2,2,0,2,1,1,2,0,0,0,1,1,0,0,2,2,2,1,1,2,2,0,2,0,2,1,0,1,0,0,1,0,0,1,1,1,2,0,0,1,2,0,0,0,0,1]"	"[0,2,2,1]"	"250"	"0"	"0"	"""Quick pattern recognition"""	"""This was not easy because of the speed of the images."""	"""34"""	"""m"""
"3XUY87HIVPE7PSQ7H9C671RSLMWMMR"	"3KOA8FMB2M8OIHHIFV44M5TN2C7NQQ"	"Identify the odd one out"	"Fun! A 5-10 minute game about differences in pictures."	"experiment, psychology, game, vision, textures"	"$0.70"	"Tue Mar 10 14:10:40 PDT 2015"	"60"	"0"	"0"	"60"	"Reviewable"	"NotReviewed"	"1 pilot"	"1200"	"60000"	"Tue Mar 17 14:10:40 PDT 2015"	"https://requester.mturk.com/mturk/manageHIT?HITId=3XUY87HIVPE7PSQ7H9C671RSLMWMMR"	"3Q8GYXHFEP2ZVJR42N68CN6GZ0YC5N"	"A197AERSF5SIS4"	"Approved"	"Wed Mar 11 08:42:28 PDT 2015"	"Tue Mar 10 15:57:18 PDT 2015"	"Tue Mar 10 16:02:28 PDT 2015"	"Tue Mar 10 16:07:55 PDT 2015"	""	""	""	""	"[0,0,1,0,1,1,0,1,1,0,0,0,1,1,0,0,0,1,0,1,1,0,0,0,1,1,1,1,0,1,0,1,1,0,1,1,1,0,1,1,1,0,0,0,1,1,1,0,0,1,0,0,0,1,0,0,0,0,0,0,1,1,1,1,1,1]"	"20"	"33"	"13"	"34"	"[0,1,0,0,0,0,1,1,1,0,0,0,1,1,0,0,1,0,0,1,1,1,0,0,1,0,0,1,1,1,0,0,1,1,1,1,0,0,1,1,1,1,1,1,0,0,1,1,1,1,0,1,0,0,0,0,1,0,0,1,0,0,0,1,1,1]"	"[0,2,0,1,0,1,2,2,2,1,0,2,1,0,0,1,0,0,2,0,0,1,1,1,0,0,0,1,0,0,0,0,0,0,0,0,0,2,2,0,1,1,2,0,0,1,0,2,0,1,1,0,1,1,1,1,0,0,0,1,2,0,2,1,0,2]"	"[1,2,2,2,1,0,2,2,2,0,1,0,1,0,2,2,0,2,0,0,0,1,0,2,0,1,1,1,0,0,2,2,0,0,0,0,2,1,2,0,1,1,2,0,1,2,0,2,0,1,2,0,2,0,2,2,0,1,1,1,1,2,1,1,0,2]"	"[0,0,0,1]"	"250"	"0"	"0"	"""Peripheral vision?"""	"""Sorry I wasn't very good at it."""	"""25"""	"""f"""
"3XUY87HIVPE7PSQ7H9C671RSLMWMMR"	"3KOA8FMB2M8OIHHIFV44M5TN2C7NQQ"	"Identify the odd one out"	"Fun! A 5-10 minute game about differences in pictures."	"experiment, psychology, game, vision, textures"	"$0.70"	"Tue Mar 10 14:10:40 PDT 2015"	"60"	"0"	"0"	"60"	"Reviewable"	"NotReviewed"	"1 pilot"	"1200"	"60000"	"Tue Mar 17 14:10:40 PDT 2015"	"https://requester.mturk.com/mturk/manageHIT?HITId=3XUY87HIVPE7PSQ7H9C671RSLMWMMR"	"3WJEQKOXA82CEMTNHM85323BNH9A12"	"ARN53ET0LBBBP"	"Approved"	"Wed Mar 11 08:44:00 PDT 2015"	"Tue Mar 10 15:58:02 PDT 2015"	"Tue Mar 10 16:04:00 PDT 2015"	"Tue Mar 10 16:07:55 PDT 2015"	""	""	""	""	"[1,1,0,0,0,0,0,1,1,1,0,1,0,0,0,0,1,0,1,0,0,1,0,1,0,0,1,0,0,0,1,0,1,1,1,1,1,1,0,0,1,0,0,0,1,1,0,1,0,0,0,1,1,0,0,0,1,0,1,1,1,1,1,1,1,0]"	"13"	"26"	"27"	"32"	"[0,0,0,0,1,1,0,1,0,0,1,1,0,1,0,0,1,0,0,1,1,1,0,0,1,0,1,1,0,0,0,0,0,0,0,1,1,1,1,0,1,1,1,1,0,0,0,0,0,0,1,1,1,0,0,1,1,0,0,1,1,1,1,0,1,1]"	"[0,2,2,1,1,0,2,2,2,1,2,2,1,2,1,2,0,2,0,0,1,1,0,2,2,2,2,2,2,2,1,2,1,0,2,2,0,1,2,0,0,2,0,0,0,1,0,0,0,0,0,0,2,2,0,1,1,2,0,2,0,2,0,0,0,0]"	"[2,1,1,0,1,0,1,2,1,2,2,2,0,2,2,0,0,1,1,0,1,1,1,0,2,1,2,2,0,0,0,0,2,2,0,2,0,1,2,1,0,2,0,0,1,2,2,1,1,1,0,0,2,1,1,1,1,0,2,2,0,2,0,1,0,0]"	"[0,2,2,1]"	"250"	"0"	"0"	"""No idea."""	"""That was extremely difficult and my eyes kinda hurt. I really did try my best, sorry if I got a bunch wrong."""	"""20"""	"""f"""
"3XUY87HIVPE7PSQ7H9C671RSLMWMMR"	"3KOA8FMB2M8OIHHIFV44M5TN2C7NQQ"	"Identify the odd one out"	"Fun! A 5-10 minute game about differences in pictures."	"experiment, psychology, game, vision, textures"	"$0.70"	"Tue Mar 10 14:10:40 PDT 2015"	"60"	"0"	"0"	"60"	"Reviewable"	"NotReviewed"	"1 pilot"	"1200"	"60000"	"Tue Mar 17 14:10:40 PDT 2015"	"https://requester.mturk.com/mturk/manageHIT?HITId=3XUY87HIVPE7PSQ7H9C671RSLMWMMR"	"3ON104KXQKWQDYT959NZJP75RKM4WK"	"A1HG0LGPZAPPIH"	"Approved"	"Wed Mar 11 08:44:50 PDT 2015"	"Tue Mar 10 16:02:27 PDT 2015"	"Tue Mar 10 16:04:50 PDT 2015"	"Tue Mar 10 16:07:55 PDT 2015"	""	""	""	""	"[1,0,0,0,1,1,0,1,0,0,0,0,0,1,1,0,1,0,1,0,1,1,0,0,0,0,0,0,0,0,0,0,0,0,0,1,0,1,0,0,1,0,0,1,0,0,0,1,0,0,1,0,0,0,0,1,1,0,1,1,1,1,1,1,0,0]"	"26"	"18"	"22"	"24"	"[0,1,0,1,1,0,1,0,0,0,0,0,0,0,1,1,0,0,0,1,1,0,0,1,0,1,0,0,0,0,0,1,1,1,0,1,0,0,1,0,0,0,0,1,1,1,1,0,0,0,0,0,0,0,1,0,0,0,0,1,0,0,1,0,1,1]"	"[2,1,2,1,2,1,1,2,1,0,1,0,1,2,1,2,2,2,0,1,0,0,2,2,2,1,1,1,2,1,0,1,2,2,0,2,0,1,1,0,1,0,1,0,1,0,2,1,0,1,2,1,2,0,0,1,2,0,2,0,1,0,2,1,1,2]"	"[1,1,1,1,2,0,1,1,0,1,2,1,0,0,1,2,0,1,2,1,0,1,0,2,0,1,2,0,0,0,2,1,2,2,2,2,2,2,1,2,0,1,2,0,1,0,2,2,1,2,0,2,1,2,0,2,1,1,0,0,2,1,2,0,1,2]"	"[0,2,2,0]"	"250"	"0"	"0"	"""Rapid identification"""	""""""	"""24"""	"""m"""
"3XUY87HIVPE7PSQ7H9C671RSLMWMMR"	"3KOA8FMB2M8OIHHIFV44M5TN2C7NQQ"	"Identify the odd one out"	"Fun! A 5-10 minute game about differences in pictures."	"experiment, psychology, game, vision, textures"	"$0.70"	"Tue Mar 10 14:10:40 PDT 2015"	"60"	"0"	"0"	"60"	"Reviewable"	"NotReviewed"	"1 pilot"	"1200"	"60000"	"Tue Mar 17 14:10:40 PDT 2015"	"https://requester.mturk.com/mturk/manageHIT?HITId=3XUY87HIVPE7PSQ7H9C671RSLMWMMR"	"3WYP994K17R8HQSN3YY21KCZYJR6Y5"	"A2GTJ0BD4CG1A2"	"Approved"	"Wed Mar 11 08:49:39 PDT 2015"	"Tue Mar 10 16:04:07 PDT 2015"	"Tue Mar 10 16:09:39 PDT 2015"	"Tue Mar 10 16:16:11 PDT 2015"	""	""	""	""	"[0,1,1,0,0,0,0,0,1,0,0,0,0,1,0,1,0,0,0,0,0,1,0,1,1,1,0,1,1,0,1,1,0,0,0,0,1,1,0,1,0,0,0,1,0,1,0,1,0,0,0,1,0,0,1,0,0,0,1,1,1,1,1,1,1,0]"	"23"	"16"	"27"	"28"	"[0,1,0,0,1,0,0,0,0,0,1,1,1,1,0,0,0,1,1,0,1,1,0,0,0,0,0,0,1,0,1,0,0,0,0,1,1,1,0,0,1,0,0,0,1,0,0,1,1,1,1,1,0,0,0,1,1,1,0,0,1,1,0,0,0,1]"	"[2,1,0,1,2,2,1,2,0,2,1,1,2,0,2,1,2,1,2,1,1,1,1,0,2,2,2,0,1,1,1,2,2,2,1,1,2,2,1,0,1,2,1,2,0,1,0,2,2,1,0,2,0,0,2,2,0,2,1,1,2,0,0,0,0,2]"	"[0,1,1,0,2,1,2,0,2,0,1,1,2,0,1,0,0,1,2,2,1,1,2,2,1,0,0,2,1,2,1,1,1,1,0,1,2,2,0,2,1,0,0,1,0,0,1,2,2,1,0,2,2,2,0,2,0,2,0,0,2,0,1,2,1,2]"	"[0,0,1,1]"	"250"	"0"	"0"	"""It was trying to measure cognitive abilities."""	""""""	"""29"""	"""m"""
"3XUY87HIVPE7PSQ7H9C671RSLMWMMR"	"3KOA8FMB2M8OIHHIFV44M5TN2C7NQQ"	"Identify the odd one out"	"Fun! A 5-10 minute game about differences in pictures."	"experiment, psychology, game, vision, textures"	"$0.70"	"Tue Mar 10 14:10:40 PDT 2015"	"60"	"0"	"0"	"60"	"Reviewable"	"NotReviewed"	"1 pilot"	"1200"	"60000"	"Tue Mar 17 14:10:40 PDT 2015"	"https://requester.mturk.com/mturk/manageHIT?HITId=3XUY87HIVPE7PSQ7H9C671RSLMWMMR"	"37W3JXSD6686B57TUGB6ZEBCMLKWYW"	"A3HOZA7QXYKN5Y"	"Approved"	"Wed Mar 11 08:51:22 PDT 2015"	"Tue Mar 10 16:01:59 PDT 2015"	"Tue Mar 10 16:11:22 PDT 2015"	"Tue Mar 10 16:16:12 PDT 2015"	""	""	""	""	"[1,0,0,0,0,0,0,0,1,1,0,1,0,1,0,1,0,0,0,0,0,1,0,0,0,0,0,1,0,0,0,0,0,0,1,0,1,0,0,0,1,0,1,1,1,0,1,0,0,0,0,1,0,1,0,0,0,0,1,1,0,0,0,1,0,0]"	"0"	"40"	"26"	"20"	"[0,0,0,0,1,0,1,0,1,0,0,1,0,0,0,1,0,1,1,0,1,0,0,0,0,0,0,0,0,1,1,1,1,1,0,0,0,1,1,0,1,0,0,0,0,0,1,0,0,1,1,0,0,0,0,0,0,0,0,0,0,0,0,1,0,0]"	"[0,0,2,0,2,2,0,2,2,2,2,2,2,2,0,0,0,0,0,0,0,0,2,0,0,0,0,0,2,2,0,2,0,2,2,2,0,0,0,0,0,0,2,2,0,0,0,2,2,2,2,0,0,0,2,0,0,2,0,0,0,2,0,0,0,0]"	"[2,1,1,2,2,0,0,1,2,0,0,2,1,0,2,0,2,0,0,2,0,1,1,2,2,2,1,2,0,2,0,2,0,2,0,0,2,0,0,2,0,1,1,1,1,2,0,0,1,2,2,1,2,2,1,2,1,0,1,1,1,0,2,0,2,2]"	"[1,0,0,0]"	"250"	"0"	"0"	"""choosing pics"""	"""no"""	""""""	""""""
"3XUY87HIVPE7PSQ7H9C671RSLMWMMR"	"3KOA8FMB2M8OIHHIFV44M5TN2C7NQQ"	"Identify the odd one out"	"Fun! A 5-10 minute game about differences in pictures."	"experiment, psychology, game, vision, textures"	"$0.70"	"Tue Mar 10 14:10:40 PDT 2015"	"60"	"0"	"0"	"60"	"Reviewable"	"NotReviewed"	"1 pilot"	"1200"	"60000"	"Tue Mar 17 14:10:40 PDT 2015"	"https://requester.mturk.com/mturk/manageHIT?HITId=3XUY87HIVPE7PSQ7H9C671RSLMWMMR"	"3LYA37P8IQNJ3XK1VAEJ3SJGE5TKB9"	"A1BPHW0KCTG34P"	"Approved"	"Wed Mar 11 08:51:47 PDT 2015"	"Tue Mar 10 15:59:09 PDT 2015"	"Tue Mar 10 16:11:47 PDT 2015"	"Tue Mar 10 16:16:12 PDT 2015"	""	""	""	""	"[0,0,1,0,0,1,0,0,1,1,1,0,0,1,1,0,0,0,0,0,1,0,0,1,0,0,0,0,1,0,0,1,0,0,1,0,0,0,0,0,1,0,0,1,1,0,1,0,1,0,1,0,0,1,0,0,1,0,1,0,1,1,1,1,0,1]"	"41"	"5"	"20"	"26"	"[1,0,1,0,1,0,0,0,0,0,0,1,1,0,0,1,0,0,0,0,0,0,0,0,0,1,1,0,1,0,0,0,0,0,1,0,0,1,1,0,1,0,1,1,1,0,1,0,1,0,0,0,0,1,0,1,1,0,0,1,1,1,1,1,0,0]"	"[2,1,2,1,2,1,0,1,1,0,1,2,1,1,1,0,1,1,1,1,2,2,1,2,1,1,1,1,2,1,1,2,2,0,1,2,1,1,1,2,1,2,1,1,1,1,1,1,1,1,2,1,2,1,1,2,0,1,1,2,2,1,1,2,1,2]"	"[2,2,2,0,2,2,2,0,0,2,2,2,1,0,0,0,0,0,0,0,0,1,2,0,2,1,1,2,2,2,0,0,1,2,1,0,2,1,1,0,1,0,1,1,1,2,1,2,1,0,1,2,0,1,2,2,0,2,2,2,2,1,1,2,2,1]"	"[2,2,0,1]"	"250"	"0"	"0"	"""Not too sure"""	"""none"""	"""28"""	"""m"""
"3XUY87HIVPE7PSQ7H9C671RSLMWMMR"	"3KOA8FMB2M8OIHHIFV44M5TN2C7NQQ"	"Identify the odd one out"	"Fun! A 5-10 minute game about differences in pictures."	"experiment, psychology, game, vision, textures"	"$0.70"	"Tue Mar 10 14:10:40 PDT 2015"	"60"	"0"	"0"	"60"	"Reviewable"	"NotReviewed"	"1 pilot"	"1200"	"60000"	"Tue Mar 17 14:10:40 PDT 2015"	"https://requester.mturk.com/mturk/manageHIT?HITId=3XUY87HIVPE7PSQ7H9C671RSLMWMMR"	"3IAEQB9FMEK3DUC2YKOSMT1B4XFDW6"	"A11BVKXVKLSFPN"	"Approved"	"Wed Mar 11 08:55:03 PDT 2015"	"Tue Mar 10 16:10:47 PDT 2015"	"Tue Mar 10 16:15:03 PDT 2015"	"Tue Mar 10 16:16:25 PDT 2015"	""	""	""	""	"[0,0,0,0,1,0,0,1,1,0,1,0,0,0,1,0,0,0,0,0,1,0,0,0,0,1,1,0,0,0,0,0,1,0,1,0,0,0,1,0,1,0,0,0,1,1,0,1,0,0,0,0,1,0,1,0,0,0,0,1,1,1,1,1,0,0]"	"26"	"17"	"23"	"22"	"[0,1,0,0,0,1,0,1,1,0,0,1,1,0,0,1,0,0,1,0,1,1,0,0,0,0,0,0,0,1,1,1,0,1,1,0,0,0,0,0,0,1,0,1,0,0,0,0,1,0,0,0,0,0,0,0,1,0,1,0,0,0,1,1,0,0]"	"[1,2,0,2,0,2,1,1,2,2,1,2,0,2,0,2,1,1,1,1,0,0,0,2,1,2,1,1,0,2,1,0,1,1,2,1,2,0,0,1,2,1,0,2,1,0,1,2,0,1,1,2,2,1,2,0,2,2,1,1,2,1,0,0,1,2]"	"[0,2,1,1,1,2,0,1,2,1,0,2,0,1,1,2,0,2,1,2,0,0,1,0,2,0,0,0,2,2,1,0,0,1,2,2,1,2,1,0,1,1,2,2,2,2,2,0,0,2,0,0,0,0,1,1,2,0,1,2,0,0,0,0,2,1]"	"[0,2,2,1]"	"250"	"0"	"0"	"""Not sure"""	""""""	"""22"""	"""m"""
"3XUY87HIVPE7PSQ7H9C671RSLMWMMR"	"3KOA8FMB2M8OIHHIFV44M5TN2C7NQQ"	"Identify the odd one out"	"Fun! A 5-10 minute game about differences in pictures."	"experiment, psychology, game, vision, textures"	"$0.70"	"Tue Mar 10 14:10:40 PDT 2015"	"60"	"0"	"0"	"60"	"Reviewable"	"NotReviewed"	"1 pilot"	"1200"	"60000"	"Tue Mar 17 14:10:40 PDT 2015"	"https://requester.mturk.com/mturk/manageHIT?HITId=3XUY87HIVPE7PSQ7H9C671RSLMWMMR"	"3UN61F00HWP31LGNKKW31I52Z125RN"	"A351OM98GNHTOK"	"Approved"	"Wed Mar 11 08:55:44 PDT 2015"	"Tue Mar 10 16:11:16 PDT 2015"	"Tue Mar 10 16:15:44 PDT 2015"	"Tue Mar 10 16:18:41 PDT 2015"	""	""	""	""	"[0,0,0,1,0,0,1,1,1,0,0,0,0,0,1,0,0,0,0,1,1,1,1,1,0,0,1,0,0,1,1,0,0,1,0,0,0,1,0,0,0,0,1,0,1,1,0,0,0,0,0,0,1,1,0,0,0,1,0,1,1,1,1,1,0,0]"	"21"	"26"	"19"	"26"	"[0,0,0,0,1,0,0,0,0,0,0,0,0,0,1,0,1,0,1,0,1,0,0,1,1,0,1,1,1,1,0,1,1,1,1,0,1,0,1,0,0,0,1,0,1,1,1,1,1,0,0,1,0,1,0,0,0,0,0,0,0,0,0,0,1,0]"	"[1,1,0,0,0,2,1,0,2,0,2,1,2,0,0,1,0,2,2,0,1,0,1,0,2,2,1,0,1,2,1,1,2,1,0,2,2,0,0,0,0,0,1,0,2,1,1,2,1,2,0,2,2,0,1,2,1,0,0,1,1,0,0,1,2,0]"	"[0,0,1,2,0,1,0,2,1,2,1,0,0,1,0,2,0,0,2,1,1,2,0,0,2,1,1,0,1,2,2,1,2,1,0,0,2,2,0,1,1,1,1,2,2,1,1,2,1,0,2,2,0,0,2,0,2,2,2,2,0,2,2,0,2,1]"	"[0,2,2,1]"	"250"	"0"	"0"	""""""	""""""	"""26"""	"""m"""
"3XUY87HIVPE7PSQ7H9C671RSLMWMMR"	"3KOA8FMB2M8OIHHIFV44M5TN2C7NQQ"	"Identify the odd one out"	"Fun! A 5-10 minute game about differences in pictures."	"experiment, psychology, game, vision, textures"	"$0.70"	"Tue Mar 10 14:10:40 PDT 2015"	"60"	"0"	"0"	"60"	"Reviewable"	"NotReviewed"	"1 pilot"	"1200"	"60000"	"Tue Mar 17 14:10:40 PDT 2015"	"https://requester.mturk.com/mturk/manageHIT?HITId=3XUY87HIVPE7PSQ7H9C671RSLMWMMR"	"3FE2ERCCZX84XI6QC7OD5T5EFEJOPJ"	"A19F75QCU199K8"	"Approved"	"Wed Mar 11 08:57:35 PDT 2015"	"Tue Mar 10 16:13:11 PDT 2015"	"Tue Mar 10 16:17:35 PDT 2015"	"Tue Mar 10 16:35:36 PDT 2015"	""	""	""	""	"[1,0,1,1,1,0,0,1,1,1,0,0,1,0,0,0,0,0,1,0,0,1,0,0,1,0,0,1,1,0,1,0,0,1,0,0,1,0,0,1,0,0,1,0,0,1,0,1,1,0,0,1,0,0,0,0,0,0,1,1,1,1,1,1,0,0]"	"23"	"14"	"29"	"28"	"[1,0,1,0,0,0,0,1,1,0,1,0,0,1,0,0,1,1,1,0,1,0,0,0,0,1,0,1,1,0,1,1,1,0,0,0,1,0,0,1,0,1,1,0,1,0,0,0,1,0,0,1,0,0,0,0,0,1,1,0,1,1,1,0,0,0]"	"[0,2,1,2,2,1,2,2,2,2,0,2,1,2,2,1,0,1,2,2,0,1,0,1,2,1,1,1,2,1,2,2,2,0,2,0,2,1,2,1,1,2,0,1,2,1,2,0,0,1,2,1,2,2,0,2,1,1,0,2,2,0,1,1,1,0]"	"[0,0,1,0,0,0,0,2,2,0,0,0,0,2,1,2,0,1,2,0,0,0,1,2,0,1,2,1,2,0,2,2,2,1,0,1,2,0,1,1,2,2,0,2,2,0,1,1,0,0,1,1,0,0,1,1,2,1,0,1,2,0,1,2,2,2]"	"[0,2,2,1]"	"250"	"0"	"0"	"""The survey was about trying to find the odd object out from a group of three."""	"""The images were very quick! I had a very hard time seeing everything in such a short time frame."""	"""27"""	"""m"""
"3XUY87HIVPE7PSQ7H9C671RSLMWMMR"	"3KOA8FMB2M8OIHHIFV44M5TN2C7NQQ"	"Identify the odd one out"	"Fun! A 5-10 minute game about differences in pictures."	"experiment, psychology, game, vision, textures"	"$0.70"	"Tue Mar 10 14:10:40 PDT 2015"	"60"	"0"	"0"	"60"	"Reviewable"	"NotReviewed"	"1 pilot"	"1200"	"60000"	"Tue Mar 17 14:10:40 PDT 2015"	"https://requester.mturk.com/mturk/manageHIT?HITId=3XUY87HIVPE7PSQ7H9C671RSLMWMMR"	"3I02618YA06ZANQN8T0M4ZX3X06PUW"	"A1IZ4NX41GKU4X"	"Approved"	"Wed Mar 11 08:57:56 PDT 2015"	"Tue Mar 10 16:13:35 PDT 2015"	"Tue Mar 10 16:17:56 PDT 2015"	"Tue Mar 10 16:35:36 PDT 2015"	""	""	""	""	"[1,0,0,0,1,0,0,1,1,0,1,1,1,1,0,0,0,0,0,0,0,0,0,1,0,1,1,0,1,1,0,0,0,0,0,0,0,0,1,1,0,1,0,1,1,0,1,0,1,0,0,0,0,0,1,0,0,0,0,0,1,1,1,1,0,1]"	"28"	"16"	"22"	"26"	"[0,0,0,0,1,0,1,0,0,1,0,1,0,1,1,0,0,1,0,0,0,0,1,0,1,0,1,0,0,0,0,0,1,0,0,1,1,0,1,0,0,0,1,1,0,1,0,0,1,0,1,0,1,1,0,0,0,1,0,0,0,0,1,1,1,1]"	"[1,1,1,0,2,2,1,1,1,1,1,2,2,1,2,1,2,1,1,2,2,1,1,0,1,0,2,1,0,1,1,1,2,0,0,2,0,2,2,0,0,0,2,1,1,2,0,1,1,0,2,0,0,1,2,2,1,2,2,0,0,1,2,2,1,1]"	"[2,0,2,2,2,1,1,0,0,1,2,2,0,1,2,2,0,1,0,0,0,2,1,1,1,2,2,0,2,0,0,0,2,2,2,2,0,1,2,2,1,1,2,1,0,2,1,0,1,2,2,2,0,1,0,0,0,2,1,2,2,2,2,2,1,1]"	"[1,2,2,1]"	"250"	"0"	"0"	"""PICKING THE IMAGE THAT DIDNT BELONG"""	""""""	"""25"""	"""M"""
"3XUY87HIVPE7PSQ7H9C671RSLMWMMR"	"3KOA8FMB2M8OIHHIFV44M5TN2C7NQQ"	"Identify the odd one out"	"Fun! A 5-10 minute game about differences in pictures."	"experiment, psychology, game, vision, textures"	"$0.70"	"Tue Mar 10 14:10:40 PDT 2015"	"60"	"0"	"0"	"60"	"Reviewable"	"NotReviewed"	"1 pilot"	"1200"	"60000"	"Tue Mar 17 14:10:40 PDT 2015"	"https://requester.mturk.com/mturk/manageHIT?HITId=3XUY87HIVPE7PSQ7H9C671RSLMWMMR"	"3X73LLYYQ1EU2G8QSFGVHV3I3D3NHX"	"AKHAW85QJ3BBY"	"Approved"	"Wed Mar 11 08:59:16 PDT 2015"	"Tue Mar 10 16:14:50 PDT 2015"	"Tue Mar 10 16:19:16 PDT 2015"	"Tue Mar 10 16:35:36 PDT 2015"	""	""	""	""	"[1,0,0,0,0,0,1,0,0,0,0,1,1,0,1,0,0,0,1,1,0,0,0,0,0,0,0,0,1,0,0,0,1,1,1,1,0,0,1,0,0,0,0,0,1,1,1,0,0,1,0,0,1,0,0,1,1,1,1,0,1,1,1,1,0,0]"	"19"	"30"	"17"	"26"	"[1,1,1,1,1,0,0,0,1,0,0,0,0,1,0,0,1,1,0,0,0,1,1,0,0,0,0,0,1,0,0,0,0,1,0,1,1,1,0,0,0,1,0,1,1,1,0,0,1,0,0,1,0,0,0,1,0,0,0,0,1,1,0,0,0,1]"	"[0,2,2,0,1,2,0,1,2,2,1,2,2,0,1,0,0,1,0,1,0,2,0,0,1,0,0,1,0,0,2,1,2,2,0,2,0,1,1,0,1,0,0,0,1,0,0,2,0,2,1,0,0,0,2,1,1,0,0,1,1,0,0,2,1,2]"	"[0,2,2,0,1,0,1,0,2,1,2,1,0,0,0,2,0,1,2,2,2,2,0,2,2,2,2,2,0,2,0,0,1,2,2,2,0,1,2,1,0,0,2,0,1,0,2,1,0,1,2,0,1,2,1,1,2,2,2,0,1,0,2,0,0,2]"	"[0,2,2,1]"	"250"	"0"	"0"	"""Choosing the image that was slightly different than the others using only peripheral vision."""	""""""	"""43"""	"""f"""
"3XUY87HIVPE7PSQ7H9C671RSLMWMMR"	"3KOA8FMB2M8OIHHIFV44M5TN2C7NQQ"	"Identify the odd one out"	"Fun! A 5-10 minute game about differences in pictures."	"experiment, psychology, game, vision, textures"	"$0.70"	"Tue Mar 10 14:10:40 PDT 2015"	"60"	"0"	"0"	"60"	"Reviewable"	"NotReviewed"	"1 pilot"	"1200"	"60000"	"Tue Mar 17 14:10:40 PDT 2015"	"https://requester.mturk.com/mturk/manageHIT?HITId=3XUY87HIVPE7PSQ7H9C671RSLMWMMR"	"32N49TQG3GIS0Y9LO0SUAQARCLGAVR"	"A2YZ6GLCEYPG76"	"Approved"	"Wed Mar 11 09:03:09 PDT 2015"	"Tue Mar 10 16:14:01 PDT 2015"	"Tue Mar 10 16:23:09 PDT 2015"	"Tue Mar 10 16:36:25 PDT 2015"	""	""	""	""	"[0,0,0,0,1,0,0,0,1,1,0,0,0,0,1,0,1,1,1,0,0,0,0,0,0,0,0,0,1,1,0,0,0,1,1,0,1,1,0,0,0,0,0,1,1,0,0,0,0,0,1,0,0,1,0,0,0,0,0,1,0,1,1,1,0,0]"	"20"	"20"	"26"	"21"	"[0,0,0,0,0,1,0,1,0,1,0,1,0,0,1,0,0,0,0,0,0,0,0,1,0,0,0,0,0,0,1,1,1,0,0,0,1,1,0,1,1,0,0,1,1,1,0,0,0,0,0,0,0,1,0,1,1,1,0,0,0,0,0,0,1,0]"	"[2,1,1,0,1,1,1,2,2,0,2,2,1,0,2,2,2,1,1,0,2,1,2,0,2,1,0,2,1,2,2,0,0,0,2,2,0,2,1,0,2,1,1,2,1,0,0,1,2,0,0,2,1,1,2,2,1,2,0,0,1,0,2,0,0,2]"	"[0,0,0,2,0,1,0,2,1,0,0,2,0,2,2,0,1,2,2,2,1,2,0,0,0,2,2,1,0,0,2,0,0,2,0,1,0,2,2,0,2,2,2,2,1,0,1,0,1,1,1,1,2,1,1,2,1,2,2,1,0,2,1,2,0,1]"	"[1,2,2,1]"	"250"	"0"	"0"	"""ability to differentiate shapes quickkly"""	""""""	"""55"""	"""f"""
"3XUY87HIVPE7PSQ7H9C671RSLMWMMR"	"3KOA8FMB2M8OIHHIFV44M5TN2C7NQQ"	"Identify the odd one out"	"Fun! A 5-10 minute game about differences in pictures."	"experiment, psychology, game, vision, textures"	"$0.70"	"Tue Mar 10 14:10:40 PDT 2015"	"60"	"0"	"0"	"60"	"Reviewable"	"NotReviewed"	"1 pilot"	"1200"	"60000"	"Tue Mar 17 14:10:40 PDT 2015"	"https://requester.mturk.com/mturk/manageHIT?HITId=3XUY87HIVPE7PSQ7H9C671RSLMWMMR"	"3KV0LJBBH2L19S1TCJDPIKGOLWSRMZ"	"A2857EW1VS99ET"	"Approved"	"Wed Mar 11 09:03:39 PDT 2015"	"Tue Mar 10 16:19:26 PDT 2015"	"Tue Mar 10 16:23:39 PDT 2015"	"Tue Mar 10 16:36:25 PDT 2015"	""	""	""	""	"[0,1,0,0,0,0,0,0,0,0,0,0,0,0,0,0,0,0,1,0,0,0,0,1,0,0,0,0,0,0,0,0,0,0,1,1,0,1,1,0,1,1,0,1,1,0,0,0,0,0,0,1,0,0,0,1,0,0,0,0,1,0,1,0,0,1]"	"28"	"21"	"17"	"16"	"[0,1,0,0,0,0,1,1,1,0,0,1,1,1,0,1,0,0,1,0,0,0,0,0,1,0,0,0,1,0,0,0,0,0,0,0,0,0,0,0,0,0,1,0,0,0,0,1,0,0,1,0,0,1,0,0,0,0,0,0,0,0,1,0,0,0]"	"[1,2,1,1,2,2,0,1,1,2,0,2,1,0,2,0,0,0,1,0,0,2,0,1,0,1,0,1,1,0,0,1,0,1,0,2,2,1,1,0,1,2,2,1,1,0,1,1,2,2,1,1,2,1,1,1,0,1,0,2,0,2,1,0,2,1]"	"[2,2,0,2,1,0,0,1,1,0,2,2,1,0,0,0,2,1,1,2,2,0,1,2,0,0,2,0,1,1,2,0,1,0,2,1,1,2,0,1,2,0,2,2,2,1,2,1,0,1,1,2,1,1,2,0,1,2,1,1,2,0,1,2,1,2]"	"[1,1,2,1]"	"250"	"0"	"0"	"""idk"""	""""""	"""25"""	"""f"""
"3XUY87HIVPE7PSQ7H9C671RSLMWMMR"	"3KOA8FMB2M8OIHHIFV44M5TN2C7NQQ"	"Identify the odd one out"	"Fun! A 5-10 minute game about differences in pictures."	"experiment, psychology, game, vision, textures"	"$0.70"	"Tue Mar 10 14:10:40 PDT 2015"	"60"	"0"	"0"	"60"	"Reviewable"	"NotReviewed"	"1 pilot"	"1200"	"60000"	"Tue Mar 17 14:10:40 PDT 2015"	"https://requester.mturk.com/mturk/manageHIT?HITId=3XUY87HIVPE7PSQ7H9C671RSLMWMMR"	"39PAAFCODM0XFU8UU0JB5V0J0A1TVV"	"A1H2Q8MBAJWWYJ"	"Approved"	"Wed Mar 11 09:03:40 PDT 2015"	"Tue Mar 10 16:15:45 PDT 2015"	"Tue Mar 10 16:23:40 PDT 2015"	"Tue Mar 10 16:36:25 PDT 2015"	""	""	""	""	"[0,1,0,0,1,0,1,1,1,0,0,0,1,0,0,0,0,0,0,0,0,0,1,0,0,1,0,0,0,1,0,1,0,0,1,0,0,1,1,1,0,0,0,0,0,0,1,0,0,0,1,0,0,0,1,0,1,0,0,0,1,1,1,1,1,0]"	"18"	"13"	"35"	"23"	"[0,0,0,0,0,0,0,1,1,1,1,1,0,1,1,0,0,0,0,0,1,1,1,1,0,1,1,0,1,0,1,0,1,0,1,0,1,0,0,0,1,1,0,1,0,0,0,0,0,0,0,0,0,0,0,0,0,0,0,0,1,0,1,0,0,0]"	"[0,2,0,1,0,2,0,1,0,2,2,1,1,1,0,2,1,2,2,1,2,2,2,0,2,2,2,2,2,2,2,0,2,2,2,1,1,1,2,1,1,2,1,1,2,1,0,2,1,2,0,1,2,0,2,0,2,1,2,2,2,0,2,2,2,2]"	"[2,1,2,0,2,0,2,1,0,2,2,1,2,1,0,0,2,1,1,2,2,2,2,0,1,2,2,1,2,1,2,2,2,0,2,2,1,2,0,0,1,2,2,1,0,0,1,0,0,0,2,0,0,2,0,2,0,0,1,1,2,1,2,1,0,1]"	"[0,0,2,1]"	"250"	"0"	"0"	"""Identifying the odd image out."""	""""""	""""""	"""f"""
"3XUY87HIVPE7PSQ7H9C671RSLMWMMR"	"3KOA8FMB2M8OIHHIFV44M5TN2C7NQQ"	"Identify the odd one out"	"Fun! A 5-10 minute game about differences in pictures."	"experiment, psychology, game, vision, textures"	"$0.70"	"Tue Mar 10 14:10:40 PDT 2015"	"60"	"0"	"0"	"60"	"Reviewable"	"NotReviewed"	"1 pilot"	"1200"	"60000"	"Tue Mar 17 14:10:40 PDT 2015"	"https://requester.mturk.com/mturk/manageHIT?HITId=3XUY87HIVPE7PSQ7H9C671RSLMWMMR"	"3GA6AFUKOOONYCFGAWWG8H5CYWDH3C"	"A2B9MFE1I6IH60"	"Approved"	"Wed Mar 11 09:05:25 PDT 2015"	"Tue Mar 10 16:21:04 PDT 2015"	"Tue Mar 10 16:25:25 PDT 2015"	"Tue Mar 10 16:36:25 PDT 2015"	""	""	""	""	"[0,1,0,1,0,0,0,1,1,0,0,1,0,1,0,0,0,0,0,0,1,1,1,1,0,0,1,0,0,0,0,1,0,1,0,0,0,0,1,0,1,0,0,0,0,0,1,0,0,0,0,1,0,0,0,0,0,1,1,1,1,1,1,0,0,0]"	"22"	"19"	"25"	"23"	"[0,0,1,0,0,1,1,0,0,0,0,0,1,1,1,1,0,1,1,0,0,1,0,1,0,1,0,0,0,0,0,0,0,0,1,1,0,0,0,0,1,1,0,0,0,1,0,0,0,1,0,1,0,1,0,0,0,0,1,1,0,0,0,0,1,0]"	"[0,0,0,2,0,2,2,1,0,1,1,2,2,0,1,2,0,1,2,2,1,1,1,0,2,1,1,2,2,0,0,2,0,2,0,2,2,1,1,1,2,0,1,0,1,0,0,2,1,1,1,2,2,2,1,2,1,0,1,2,2,1,0,2,2,0]"	"[1,2,0,0,2,2,2,2,1,0,0,1,2,0,1,2,1,1,2,1,0,1,2,0,1,1,0,1,0,1,2,0,2,0,0,2,1,2,2,0,2,0,2,2,2,0,1,0,2,1,0,2,0,2,2,1,2,1,1,2,0,0,1,1,2,1]"	"[0,2,2,1]"	"250"	"0"	"0"	""""""	""""""	""""""	""""""
"3XUY87HIVPE7PSQ7H9C671RSLMWMMR"	"3KOA8FMB2M8OIHHIFV44M5TN2C7NQQ"	"Identify the odd one out"	"Fun! A 5-10 minute game about differences in pictures."	"experiment, psychology, game, vision, textures"	"$0.70"	"Tue Mar 10 14:10:40 PDT 2015"	"60"	"0"	"0"	"60"	"Reviewable"	"NotReviewed"	"1 pilot"	"1200"	"60000"	"Tue Mar 17 14:10:40 PDT 2015"	"https://requester.mturk.com/mturk/manageHIT?HITId=3XUY87HIVPE7PSQ7H9C671RSLMWMMR"	"3GM6G9ZBKNXEP7ELG8IKIZH69HPMT7"	"A1FTIGRU0A6KFI"	"Approved"	"Wed Mar 11 09:08:08 PDT 2015"	"Tue Mar 10 16:23:14 PDT 2015"	"Tue Mar 10 16:28:08 PDT 2015"	"Tue Mar 10 16:36:25 PDT 2015"	""	""	""	""	"[0,0,0,0,0,1,1,1,1,0,0,0,1,0,0,0,1,1,0,0,1,1,0,1,1,0,0,0,1,1,1,0,0,1,1,1,0,1,1,0,1,0,1,0,1,0,0,0,1,1,0,0,0,1,1,0,0,0,0,1,1,1,0,1,1,1]"	"12"	"43"	"11"	"32"	"[1,0,0,1,1,0,1,0,0,1,1,1,0,1,1,1,0,0,0,1,1,1,0,1,0,1,0,0,0,1,1,0,1,1,0,1,1,0,1,0,0,0,0,0,0,1,0,1,0,0,0,1,1,0,1,0,0,1,1,0,0,0,1,1,0,1]"	"[0,0,0,0,0,1,0,0,1,2,2,0,2,0,2,0,1,0,0,0,2,0,0,0,1,0,0,0,0,2,0,0,2,1,1,0,0,0,0,0,2,1,1,0,2,0,0,0,0,0,0,0,2,1,0,1,0,2,0,1,0,0,0,0,0,1]"	"[0,1,1,0,0,0,0,1,2,2,2,0,1,0,2,0,0,2,2,0,2,0,2,0,0,0,2,2,1,2,0,1,2,1,0,0,0,2,0,1,1,2,2,2,0,0,2,0,2,1,2,0,2,2,0,2,2,2,0,0,1,1,0,0,1,1]"	"[0,2,2,1]"	"250"	"0"	"0"	"""Picking the odd one of 3"""	""""""	"""39"""	"""m"""
"3XUY87HIVPE7PSQ7H9C671RSLMWMMR"	"3KOA8FMB2M8OIHHIFV44M5TN2C7NQQ"	"Identify the odd one out"	"Fun! A 5-10 minute game about differences in pictures."	"experiment, psychology, game, vision, textures"	"$0.70"	"Tue Mar 10 14:10:40 PDT 2015"	"60"	"0"	"0"	"60"	"Reviewable"	"NotReviewed"	"1 pilot"	"1200"	"60000"	"Tue Mar 17 14:10:40 PDT 2015"	"https://requester.mturk.com/mturk/manageHIT?HITId=3XUY87HIVPE7PSQ7H9C671RSLMWMMR"	"35BLDD71I6XT16HT0S8TRJ10L6MVZC"	"A2WG6R27Q4U1QU"	"Approved"	"Wed Mar 11 09:14:35 PDT 2015"	"Tue Mar 10 16:30:01 PDT 2015"	"Tue Mar 10 16:34:35 PDT 2015"	"Tue Mar 10 16:36:26 PDT 2015"	""	""	""	""	"[0,0,0,0,0,0,0,0,1,0,0,0,1,1,0,0,1,0,0,0,0,0,0,0,1,0,0,0,1,0,0,0,1,1,0,1,0,1,0,0,1,1,0,0,1,1,0,0,0,1,0,0,1,0,0,0,0,0,0,1,1,1,1,1,1,1]"	"17"	"30"	"19"	"23"	"[0,0,0,0,1,0,1,0,0,0,0,0,1,1,0,0,0,1,1,1,0,0,1,1,1,1,0,0,0,0,0,0,1,1,1,0,0,1,0,0,1,0,0,0,1,0,1,0,0,0,0,0,1,0,0,0,0,1,0,0,0,1,0,1,1,0]"	"[2,0,0,1,0,2,2,1,1,1,2,2,1,1,0,0,1,2,1,0,2,1,2,0,1,0,0,1,0,2,0,0,0,0,2,0,1,0,0,1,0,0,0,2,2,0,1,1,2,0,0,2,0,2,2,1,0,2,0,0,2,1,2,0,0,0]"	"[0,2,2,0,0,0,2,0,0,2,1,1,1,1,1,1,0,2,1,0,1,2,2,0,1,0,1,0,1,1,2,2,0,0,2,1,2,0,1,0,0,1,2,0,2,2,1,0,1,1,2,0,0,1,1,2,1,2,1,2,1,1,1,0,0,1]"	"[0,0,2,1]"	"250"	"0"	"0"	"""Seeing if a person can see differences in a short time period."""	""""""	"""26"""	"""f"""
"3XUY87HIVPE7PSQ7H9C671RSLMWMMR"	"3KOA8FMB2M8OIHHIFV44M5TN2C7NQQ"	"Identify the odd one out"	"Fun! A 5-10 minute game about differences in pictures."	"experiment, psychology, game, vision, textures"	"$0.70"	"Tue Mar 10 14:10:40 PDT 2015"	"60"	"0"	"0"	"60"	"Reviewable"	"NotReviewed"	"1 pilot"	"1200"	"60000"	"Tue Mar 17 14:10:40 PDT 2015"	"https://requester.mturk.com/mturk/manageHIT?HITId=3XUY87HIVPE7PSQ7H9C671RSLMWMMR"	"3RU7GD8VPOTJVAYJJO5MPYFFC3MSPK"	"A2HM35CWB7IIFM"	"Approved"	"Wed Mar 11 09:35:59 PDT 2015"	"Tue Mar 10 16:47:42 PDT 2015"	"Tue Mar 10 16:55:59 PDT 2015"	"Tue Mar 10 17:04:12 PDT 2015"	""	""	""	""	"[0,0,0,0,0,1,0,0,0,0,1,1,1,1,0,1,0,0,1,1,0,0,1,0,0,0,1,1,0,0,1,0,0,1,0,1,1,1,0,1,1,1,0,0,1,1,0,1,1,0,0,0,0,1,0,0,0,0,1,1,1,1,1,1,1,1]"	"21"	"23"	"22"	"32"	"[1,1,0,1,0,1,1,0,1,1,1,0,0,0,0,0,0,1,0,0,0,1,1,1,0,0,1,0,0,1,1,1,0,0,0,1,0,1,0,1,1,1,1,1,1,1,0,1,0,1,1,0,0,0,0,0,0,1,0,1,0,1,0,0,1,0]"	"[2,0,1,0,1,1,1,2,1,1,0,0,0,2,1,1,0,1,0,1,2,2,1,1,1,2,1,2,0,1,0,0,1,0,1,0,0,2,1,2,1,2,2,2,2,0,2,2,0,1,2,2,0,2,2,2,0,0,0,0,0,2,2,0,0,1]"	"[2,0,0,0,2,1,1,1,1,1,0,1,1,1,0,2,1,1,1,0,1,2,1,1,0,0,1,1,2,1,0,0,2,2,0,0,2,2,2,2,1,2,2,2,2,0,1,2,2,1,2,1,1,1,1,1,2,0,2,0,1,2,1,2,0,2]"	"[0,2,1,1]"	"250"	"0"	"0"	"""distinguishing textures"""	"""i am nearsighted so it was hard for me"""	"""54"""	"""f"""
